date,month,dow,is_weekend,is_high_season,cs_occ,cs_adr,b_occ,b_adr,floor_price,is_bank_holiday,is_cultural_holiday,is_local_event,season,base_value,predicted_occ,recommended_rate,rate_tier
2026-02-28,-0.028446199063651874,0.004259651785117967,-0.0011619412999134512,0.06702775697327161,0.03405766107160525,0.04629667391959083,0.008492850827147777,0.04317021377209676,-0.02423832154354204,0.00035605057403154203,0.0,0.0,-0.018907627343556672,0.6639680327961567,0.6984,82.95,standard
2026-03-01,-0.016506205202795173,-0.022201913851828063,-0.0021916753143595997,0.05459864790577558,-0.018786369423412906,-0.04199083690805491,0.01115439153386069,-0.11199758086161454,-0.03593081966895625,0.0001906804499521968,0.0,0.0,-0.018369851905023098,0.6639680327961567,0.4619,71.25,value
2026-03-02,-0.03232054098472145,0.008692644212027516,0.0005147938736190553,0.06425897315079783,-0.009584161582621164,0.07916607017284696,0.003221557721381033,0.060496601700517204,0.00401542234574299,0.0005018727506394498,0.0,0.0,-0.022012403048083797,0.6639680327961567,0.7857,102.0,high
2026-03-03,-0.020981000277832212,-0.0014278851078634034,0.0004023431214154698,0.07321247384234449,0.0065926916889002315,0.07183601341165922,-0.028580647300846976,0.06520090424586306,0.0027818259170526286,0.00047194744209991767,0.0,0.0,-0.0220446934915999,0.6639680327961567,0.7795,102.0,high
2026-03-04,-0.022435238376334384,0.003992308921358927,0.0005052677087369375,0.0691378755922633,-0.006222621247426104,0.07078317250299006,-0.0008546397639911437,0.013600263142758195,0.0027077456178740246,0.0003324083420593524,0.0,0.0,-0.02325984586878985,0.6639680327961567,0.7339,89.25,standard
2026-03-05,-0.040616432785323925,0.014331027193284173,0.001432276301260572,0.05949065290491126,-0.007494907795657127,-0.038121793347174394,0.00936338372296268,-0.10252296042696979,0.005030196834442904,0.0003157279062870657,0.0,0.0,-0.019579893478468877,0.6639680327961567,0.5193,80.75,value
2026-03-06,-0.03399358215432767,0.011953051562764811,-0.0028520126258663367,0.052947541303328766,-0.015230403383329757,-0.04497074310702374,0.01312394865659553,-0.11478485894491314,-0.03113221160669127,0.0001982390068442328,0.0,0.0,-0.019193511485864293,0.6639680327961567,0.443,67.15,promotional
2026-03-07,-0.02641821379004068,0.004161861801512714,-0.00017470454392605461,0.07273529238319316,-0.004756837961805104,0.05853243777291937,-0.0040406392659533595,0.039897393779025146,-0.021289090146356104,0.00032478934632672465,0.0,0.0,-0.023661373826300406,0.6639680327961567,0.6312,82.95,standard
2026-03-08,-0.02520063035783278,-0.024606318185955385,-0.001966056251578266,0.053160491236398225,-0.04168387460307167,-0.056504836931770115,0.005843958160394321,-0.12152751220823847,-0.03951177689626274,0.00014011204438429557,0.0,0.0,-0.018287127060219063,0.6639680327961567,0.36,63.75,promotional
2026-03-09,0.00604929463985172,-0.003936495629262936,0.0004879743425408378,0.07184847600843933,0.0017206891973191888,0.05122875142290286,0.02492657045204032,0.04359841393215902,0.002848683208863804,0.0003308967075136025,0.0,0.0,-0.02161075576684743,0.6639680327961567,0.6712,89.25,standard
2026-03-10,0.012168884713690204,-0.0014721161799316179,0.0007985731530934572,0.07358226938417647,-0.00200467329240837,0.08009423924386647,0.033099081442833266,0.06405678292481753,0.0034175217458614496,0.00035424963201512584,0.0,0.0,-0.02135854834161364,0.6639680327961567,0.7105,89.25,standard
2026-03-11,-0.01836551981747289,0.008397422899197407,0.0008332808254926931,0.07466073648119345,0.008741122779350009,0.03536837614903925,0.04145710819642044,0.07158370983491841,0.0010447054266915074,0.00032995007724093736,0.0,0.0,-0.022062208768988057,0.6639680327961567,0.6773,89.25,standard
2026-03-12,-0.023943434893872108,0.013944571016640112,0.0015373010155744849,0.07041754049783777,-0.012890457568764759,-0.03131111679347305,0.01986661139557873,-0.0395513068081491,0.003385095177800395,0.00030481221123773136,0.0,0.0,-0.021661233872757292,0.6639680327961567,0.5129,80.75,value
2026-03-13,-0.010125755946848586,0.012634538245943986,-0.0007133947952388552,0.0802991732051014,0.002547990311653848,0.0402527037352811,0.0289279287841473,0.003239230200502789,-0.020863520705290284,0.0003112751286389539,0.0,0.0,-0.027862466701262745,0.6639680327961567,0.5896,75.05,value
2026-03-14,-0.009668072833466795,0.00907245152363248,-0.00017751232597220222,0.08053889728264765,0.004767391912439052,0.020881438716369306,0.016821158468459545,0.0032085094859212408,-0.017852848725189687,0.00034799487273267006,0.0,0.0,-0.027926928006796515,0.6639680327961567,0.5913,75.05,value
2026-03-15,-0.021004952554010744,-0.022875557755460248,-0.001966056251578266,0.053431740576364975,-0.031754451561153474,-0.04751805351308212,0.008449706524834255,-0.1166415058792627,-0.03638959248052925,0.00016562192279525332,0.0,0.0,-0.01849836440871877,0.6639680327961567,0.3195,63.75,promotional
2026-03-16,0.003989652737436698,-0.004237638286555012,0.0008320976499817334,0.07285841153431101,0.004749895235087933,0.03805771585409821,0.033760781069464424,0.03156917627917209,0.0022030760388224734,0.0003091670885041822,0.0,0.0,-0.02294634614921233,0.6639680327961567,0.57,80.75,value
2026-03-17,0.004622549336443625,-0.0015489766011451138,0.0008862837976485026,0.07405616272804036,-0.0033954798269323866,0.09269694604814141,0.02527063046189323,0.07632659539306405,0.0032380892454239073,0.00041234512397204525,0.0,0.0,-0.02160236520062972,0.6639680327961567,0.6284,89.25,standard
2026-03-18,-0.0248636977795959,0.006563378219729202,0.0009346253139374311,0.07188544425925647,-0.006475109428406539,0.07569210040487087,-0.01213348729469544,0.03286795086757411,0.0026318117943374087,0.00039859536038420627,0.0,0.0,-0.023350576308203017,0.6639680327961567,0.5527,80.75,value
2026-03-19,-0.030938251415600464,0.01692231874194658,0.0014003404779359698,0.057386738930545106,0.0013585765667794474,-0.019959977116781377,0.005569568624856401,-0.10766853731134324,0.007315926054157898,0.00027409384089696685,0.0,0.0,-0.020651059211770188,0.6639680327961567,0.4276,72.25,promotional
2026-03-20,-0.0388571289932388,0.013002445730113322,-0.0028409931416390464,0.050004677183045715,-0.016475679556622706,-0.03064565612909428,-0.0026190677163340295,-0.1270187610257708,-0.03253900703968611,0.00018077569366141684,0.0,0.0,-0.020876130867764003,0.6639680327961567,0.3969,67.15,promotional
2026-03-21,-0.0041517861177326285,0.004983505015028641,-0.0002010134610463865,0.07680423386419716,0.0024530679367971973,0.08602490740184293,0.015252291732871525,0.08085563271277714,-0.019485465690866476,0.0003337555799080292,0.0,0.0,-0.02197383374662968,0.6639680327961567,0.7031,82.95,standard
2026-03-22,-0.02107678767423386,-0.02225613174695718,-0.0022098178403975907,0.05500406418761122,-0.021211552916125587,-0.0434355483114814,0.01176984114926563,-0.10695949209820538,-0.03987362650694194,0.0001678754326494527,0.0,0.0,-0.0183915923806926,0.6639680327961567,0.3163,63.75,promotional
2026-03-23,-0.005257876087744082,-0.0028850014273266423,0.0004790392378054094,0.07087092566258799,1.7521326241876772e-05,0.07056929537964607,0.0016876260879907933,0.04427206821631262,0.0029413710400658603,0.00034977833231096154,0.0,0.0,-0.021701419576933403,0.6639680327961567,0.5836,80.75,value
2026-03-24,0.004577745021360897,-0.0015489766011451138,0.0008862837976485026,0.07405616272804036,-0.0033954798269323866,0.08920932163466205,0.02556720058646351,0.07653429904140284,0.0032380892454239073,0.0004038929790549445,0.0,0.0,-0.02160236520062972,0.6639680327961567,0.6398,89.25,standard
2026-03-25,-0.00489911127335836,0.00826978545732345,0.0005095411613001489,0.07319194829558547,0.005700049239568216,0.08515192652682163,0.02617647019920332,0.07418594938331444,0.0033080114076219614,0.00035423698813247023,0.0,0.0,-0.02293702993546685,0.6639680327961567,0.6271,89.25,standard
2026-03-26,-0.01796849882573406,0.013740436754880646,0.0010328916339203715,0.0723012256719594,-0.002591947292939949,-0.03843898487386832,0.010510265090613757,-0.0438977933190763,0.004784834979524021,0.00029955853456340267,0.0,0.0,-0.021507801632440534,0.6639680327961567,0.4242,72.25,promotional
2026-03-27,-0.03688118825983293,0.013658745238610208,-0.0020629764245095428,0.057904259180395455,0.002236422635729468,-0.029012202240042827,0.010608754386323199,-0.13177574692406052,-0.03200440802752928,0.00027408635830215644,0.0,0.0,-0.020330505891513896,0.6639680327961567,0.3497,67.15,promotional
2026-03-28,-0.013214623874233437,0.006328167709703848,-0.0001731165444944054,0.07327213543340622,0.006802773450924178,0.062119584482723436,0.012338830750330088,0.04355909295452511,-0.017832660040205155,0.0003236058153124759,0.0,0.0,-0.022748741128893017,0.6639680327961567,0.5902,75.05,value
2026-03-29,-0.02724481518993889,-0.02743018466828471,-0.0020265732155239674,0.052867027406544365,-0.036774683076628206,-0.054018215735854025,0.006617293365537988,-0.1139525298869703,-0.046041777444752366,0.00013553280043561243,0.0,0.0,-0.01858891250983288,0.6639680327961567,0.2853,63.75,promotional
2026-03-30,-0.000979914633047885,0.005764823106517724,0.0009302713973447681,0.07483280768188706,-0.003886329482897963,0.07561650370631104,-0.008327471215283367,0.08065603743970495,0.0023166895496906357,0.0004257301644538529,0.0,0.0,-0.020939941481225105,0.6639680327961567,0.7514,102.0,high
2026-03-31,-0.01920029231477929,-0.0004231679583263031,0.0005781085917551537,0.059272149279808214,0.06798143709233773,0.031082008455039615,0.014802707348693732,0.06028882334340051,0.003530692011248902,0.0004887799217249266,0.0,0.0,-0.0187413175255424,0.6639680327961567,0.7427,89.25,standard
2026-04-01,-0.3199181144513168,0.010861459938041662,0.0005243354192643892,-0.02785917161814723,0.04665706318684533,0.04202621751993138,0.01885612861485788,0.049700250979571134,0.0041854517634856165,0.00043119057056901513,0.0,0.0,-0.06137378740899294,0.6639680327961567,0.6151,89.25,standard
2026-04-02,-0.29257843135333494,0.013746853147626099,0.0008038965764280875,-0.032656652863137424,-0.013649828384830469,-0.019450914167930024,0.010750940463607547,-0.05448787211341187,0.0018446104633912908,0.000227445675744093,0.0,0.0,-0.05808003144088435,0.6639680327961567,0.4317,72.25,promotional
2026-04-03,-0.3000917143584611,0.011538158480052517,-0.0017364040514075895,-0.029239928566632444,-0.01915689962662509,-0.021109864682119225,0.014226180267833115,-0.04265162222850995,-0.02976111592585221,-0.020549053773822382,0.0,0.0,-0.05678370491524401,0.6639680327961567,0.4205,67.15,promotional
2026-04-04,-0.32592715296879393,-0.0039029827356080204,-0.00020479930496367161,-0.027964115949049302,0.056860656386837946,0.050806498826910684,0.03986434346324313,0.024977562179872622,-0.03375590603593446,0.00042322105655330234,0.0,0.0,-0.05813222024473362,0.6639680327961567,0.5394,75.05,value
2026-04-05,-0.3059676383834285,-0.027759780101107023,-0.00046014875627588476,-0.030497779968478425,-0.010797215638089256,0.046162824016078956,0.016314550426664937,0.031151896160685283,-0.03877392533158126,0.00013714029570837739,0.0,0.0,-0.06619637580723792,0.6639680327961567,0.4195,63.75,promotional
2026-04-06,-0.28444712038743275,-0.0038424754859515816,0.0006496286134934054,-0.02601022529116017,0.06416869606961699,0.009465467529691523,0.03824787974148785,-0.006533165370925416,0.0008670430580896209,-0.033799644592247206,0.0,0.0,-0.05465727702180448,0.6639680327961567,0.5179,80.75,value
2026-04-07,-0.32506146984725454,-0.0013943539455412975,0.0004415151178254746,-0.027861276787349197,0.07604692161655112,0.00868494712496613,0.04302462388751883,0.037710890560269036,0.0015175012729669105,0.0004409189834841527,0.0,0.0,-0.06019850645725092,0.6639680327961567,0.5812,80.75,value
2026-04-08,-0.2934009406046134,0.011340655243142466,0.00044593577543855647,-0.027062422672686805,0.07157629117002215,0.05477568167469872,0.04043220856325207,0.04731852420480573,0.004850240644074802,0.00041283642452617645,0.0,0.0,-0.05985630125592434,0.6639680327961567,0.6388,89.25,standard
2026-04-09,-0.2605867849197984,0.012223217941169423,0.0005850427192926873,-0.026254394201765535,0.08211457287663507,0.001433512263029115,0.04652955749448665,-0.004084347183936189,0.001378616600886744,0.0003593653072457527,0.0,0.0,-0.05482492362998164,0.6639680327961567,0.517,80.75,value
2026-04-10,-0.3387757964953889,0.010818567800317397,-0.00017589603453234303,-0.031686962022569785,0.02232675500318146,0.01632141442860302,0.026491667448382942,0.007700119369575985,-0.025007613099383888,0.00042256067971175064,0.0,0.0,-0.06582939306907792,0.6639680327961567,0.4548,75.05,value
2026-04-11,-0.32624831088122663,-0.0037103684120320395,-0.00020607005177589597,-0.027942104020730767,0.06637272765343369,0.051660523228951205,0.03879407111293767,0.016652976190958728,-0.034692443361636835,0.00042322105655330234,0.0,0.0,-0.05875184371083742,0.6639680327961567,0.6661,82.95,standard
2026-04-12,-0.2644580026170024,-0.025542771410149726,-0.0018986579756456194,-0.026939550607086856,-0.013322239151548274,-0.011554641758953951,0.013090321628893432,-0.07684369709674138,-0.05385440914692299,0.00021233461410884044,0.0,0.0,-0.04817988846577646,0.6639680327961567,0.4309,63.75,promotional
2026-04-13,-0.26195275468852014,0.0004550727254027151,0.0005870879613794385,-0.02577378078433685,0.07576461723036482,0.003858455034875078,0.04780300315918794,-0.0049534456073706675,0.0011132803947984937,0.00033068134516361166,0.0,0.0,-0.05074154718658246,0.6639680327961567,0.5459,80.75,value
2026-04-14,-0.31759743785345745,-0.004241157136368201,0.00044062879873672496,-0.02638664804992004,0.06804824208956416,0.004599421355989763,0.03822546373566002,0.04249163689330453,0.0023061477124065276,0.0004488701895461418,0.0,0.0,-0.05902344384555181,0.6639680327961567,0.5913,80.75,value
2026-04-15,-0.3074092405540759,0.010091254672553986,0.00044593577543855647,-0.02669776894110691,0.04786877149483917,0.04018844672110572,0.035453014919323324,0.028168255213007795,0.0034226436645330973,0.00039773189973493577,0.0,0.0,-0.05880409265361232,0.6639680327961567,0.6152,89.25,standard
2026-04-16,-0.29355794409631014,0.012104010415954691,0.0005096039527561515,-0.032289299573691095,-0.020846843790252024,-0.027311528062316938,-0.002071110434131697,-0.05435080110095077,0.002213782375096343,0.0002311450105480617,0.0,0.0,-0.057909608951013075,0.6639680327961567,0.4187,72.25,promotional
2026-04-17,-0.26024224740736646,0.006181078228320985,-0.0005172914829890943,-0.026461039820773295,0.07673957084466383,0.0014160723858076376,0.04624286651055082,-0.012552098902688158,-0.032671549782171495,0.0003779814753361279,0.0,0.0,-0.048991413378265854,0.6639680327961567,0.4951,75.05,value
2026-04-18,-0.4108321255268456,-0.00193244750345184,-1.941288894158787e-05,-0.03351937509042181,-0.01050861611482105,-0.031022590357868467,-0.04956907716138812,0.025140082089452332,-0.028139869327809718,0.0003495891109196236,0.0,0.0,-0.06602489492909808,0.6639680327961567,0.4188,67.15,promotional
2026-04-19,-0.27945131420781216,-0.014934242912226182,-0.0002386839430400869,-0.030961626258067552,-0.0193522174874779,-0.012034564074900118,0.011282990655134198,-0.04579503775755802,-0.04311613065421261,0.0002682906275513232,0.0,0.0,-0.058202613152068816,0.6639680327961567,0.3748,63.75,promotional
2026-04-20,-0.23755221056611844,0.0031811616431659784,0.0016830058240884683,-0.02252066471525177,-0.02492858384160354,0.0031189078989955314,0.011991095229990605,-0.053387461071182765,0.0044958485710667444,8.306817522679923e-05,0.0,0.0,-0.047099041089022645,0.6639680327961567,0.4929,80.75,value
2026-04-21,-0.3672426232813486,-0.003321000458490744,0.00028077103118994274,-0.03241766497678327,0.004341866338123509,0.013016352623933927,0.002379403206326968,0.05436468086308014,-0.002014382804889465,0.0004318544519192073,0.0,0.0,-0.06949328615743434,0.6639680327961567,0.5262,80.75,value
2026-04-22,-0.30592013199754364,0.010252044701943304,0.00044593577543855647,-0.026689297556928067,0.04920698524849286,0.04737583232122415,0.03672696837412514,0.03009323008111096,0.0034104945195213075,0.00039773189973493577,0.0,0.0,-0.058920252164411074,0.6639680327961567,0.6313,89.25,standard
2026-04-23,-0.26747867134402076,0.011813152328533761,0.0005915542870934587,-0.026542292659491068,0.06812093451781402,0.009027987901310553,0.022019351415998246,-0.0029814978589165547,0.001287202395069471,0.00036494287977984635,0.0,0.0,-0.054024313589317904,0.6639680327961567,0.5133,80.75,value
2026-04-24,-0.26480542956417596,0.007034237600335474,-0.0005441111998370615,-0.0267609267947264,0.06188870237571973,0.0031457810360734583,0.015083736741937172,-0.029078859883698897,-0.031511539989805895,0.00036816020276455674,0.0,0.0,-0.04726735955615731,0.6639680327961567,0.474,75.05,value
2026-04-25,-0.34294044314234273,-0.002730369022096056,-0.0002080848620244069,-0.028809242417883067,0.04668941140855895,-0.014734266173494688,-0.011464059521062154,0.03508185170152501,-0.03272875946830027,0.00028638743850751777,0.0,0.0,-0.05406640066982072,0.6639680327961567,0.4841,75.05,value
2026-04-26,-0.24475115238987383,-0.027040487231115545,-0.0020551694212626896,-0.025226865793636536,-0.016914328099472187,-0.02372245354840925,0.013198339460890565,-0.08578763357172647,-0.05028403307056578,0.00010177076116815442,0.0,0.0,-0.04547604833901278,0.6639680327961567,0.3696,63.75,promotional
2026-04-27,-0.31960494623675917,0.007837703394878189,0.0005612098876736127,-0.029961541475728153,0.027374226512369204,-0.009792319288957515,-0.00599232397970627,-0.01516182215525987,-0.003096136034931987,0.00036170248586859084,0.0,0.0,-0.061333712640436716,0.6639680327961567,0.4738,80.75,value
2026-04-28,-0.3450938303344519,-0.0012980646446812895,0.0005238092765939655,-0.028123209624718582,0.04281529268194572,0.005756757334602299,0.009225758764489,0.036733948389253784,0.0016481853321674862,0.0004283684819820337,0.0,0.0,-0.058075086491051475,0.6639680327961567,0.5481,80.75,value
2026-04-29,-0.32599967754815407,0.011144402593257836,0.00023012459866004066,-0.03331385418827267,0.004815142028510308,0.06409596020285971,0.020268991889672176,0.04498462837440457,0.0013793362451579015,0.00027234983847301917,0.0,0.0,-0.06848547432466875,0.6639680327961567,0.597,80.75,value
2026-04-30,-0.3728171418468737,0.011465137052160571,0.0003184513581800275,-0.03502578293713304,-0.02818407341164857,0.009945252371544484,-0.014363911242508038,-0.009489820938979392,-0.0012910310556471815,0.000388109767678543,0.0,0.0,-0.07491759162914968,0.6639680327961567,0.4049,72.25,promotional
2026-05-01,-0.0740496095659746,0.02343782799607834,0.000582200173594174,-0.018019602428357758,0.05729611983292489,0.05121914597047726,0.02969705899990004,0.05421807239086775,-0.011220524455718986,0.00037800681717635595,0.0,0.0,-0.03203872418152605,0.6639680327961567,0.6481,82.95,standard
2026-05-02,-0.06979225797894105,0.016304163146609426,0.0006342877564165974,-0.018250640734149785,0.07984571374609731,0.04237212382317011,0.05081577838063095,0.04224107166003887,-0.010944628059754904,0.0003771283349196892,0.0,0.0,-0.030387824354533223,0.6639680327961567,0.6665,82.95,standard
2026-05-03,-0.04636497597009111,-0.008227214905131404,-8.611955752712652e-06,-0.016612514948428726,0.08186041241185012,-0.02548800126457354,0.05785190307384619,-0.015803359351608377,-0.026583645430713655,0.0003763688579856534,0.0,0.0,-0.030805468880374973,0.6639680327961567,0.5564,71.25,value
2026-05-04,-0.10739284229787517,-0.0022364288974531517,0.0020140295270466594,-0.0146700513347605,-0.01976114616033374,-0.018050547896760694,0.002644583424356824,-0.06769601366447023,0.002836501401638088,-0.015593717291107168,0.0,0.0,-0.03167301272325858,0.6639680327961567,0.3352,72.25,promotional
2026-05-05,-0.11614397433652268,-0.013556521133661589,1.008256425848224e-05,-0.018365782015775038,0.05687365860090722,0.030502431949713353,0.021704693730214785,0.04295626915448156,-0.0003583912742760729,0.00042492112336913124,0.0,0.0,-0.031968440352517065,0.6639680327961567,0.5435,80.75,value
2026-05-06,-0.11386917613865807,0.006102246062580889,8.488706735079168e-06,-0.01792982369753736,0.05777680565382979,0.021821007585007466,0.02511635875199863,0.03078166701666487,-0.0008251806711050449,0.0003996142496907851,0.0,0.0,-0.034820856475635084,0.6639680327961567,0.5456,80.75,value
2026-05-07,-0.13786313008071557,0.014626399480323014,0.0001699175070680212,-0.022900890380900818,-0.019731993726076324,-0.03503171905242925,-0.005015912059650873,-0.026025706086176797,-0.0041380193540098845,0.00022790098360565023,0.0,0.0,-0.046025179317453875,0.6639680327961567,0.3307,72.25,promotional
2026-05-08,-0.06776894164384066,0.01505306773447228,0.00019099816672678576,-0.01742431701393798,0.07110809188224085,-0.02162046290752187,0.04230162716729319,-0.009090718778279551,-0.014814327174295615,0.0003523998018208659,0.0,0.0,-0.03284133269206359,0.6639680327961567,0.5408,75.05,value
2026-05-09,-0.07616882505054309,0.011170181708153905,0.0005676537037797971,-0.018220831534410536,0.05202895341172188,0.024787578462764942,-0.009758375269189852,0.03273201111597518,-0.010824141825818515,0.0003913241320842644,0.0,0.0,-0.031055489140358987,0.6639680327961567,0.5754,75.05,value
2026-05-10,-0.08235557706265717,-0.015133579798435675,-0.001614912523291423,-0.018586129336734303,-0.015550254843736185,-0.03718423607447767,0.013102692388853027,-0.09530659063773055,-0.035864078480481114,0.00021737755504000234,0.0,0.0,-0.029676713391687374,0.6639680327961567,0.346,63.75,promotional
2026-05-11,-0.09717389333003848,-0.010770413926155015,0.00030347531585721293,-0.017518382537877186,0.06050745843304321,-0.019218646976267337,0.05019781412497105,-0.007987342323671327,-0.0028716839861735927,0.0003951261145266471,0.0,0.0,-0.03304804792697541,0.6639680327961567,0.5103,80.75,value
2026-05-12,-0.1020820402591944,-0.014710752386834428,-3.1389023177325775e-05,-0.017842263196209386,0.06802143249182335,0.024053064959971383,0.03136446926540885,0.0487812337538744,0.0002154832318046829,0.00043460617208620534,0.0,0.0,-0.031053912448405753,0.6639680327961567,0.5705,80.75,value
2026-05-13,-0.10103037853434216,0.008136642318653685,-3.2029820591560564e-05,-0.018334280178554763,0.07837934840240268,0.029484489355694678,0.03907352689914478,0.043650996416283304,-0.00044936781471187695,0.00041014472871029283,0.0,0.0,-0.034471385903758346,0.6639680327961567,0.6054,89.25,standard
2026-05-14,-0.0942904301232611,0.02056399456952022,-4.889898555120501e-07,-0.018228231460445388,0.07506174990783257,0.05392429085433833,0.047307899213748894,0.052953173348927525,6.066272580937957e-05,0.00037780914697214024,0.0,0.0,-0.033023168452498794,0.6639680327961567,0.6563,89.25,standard
2026-05-15,-0.07080766281042271,0.01912324244699994,0.0008251468382804888,-0.01852440568610473,0.06070170811624848,0.008657303698346368,0.017206686869318217,-0.01837041364226752,-0.011905730595295608,0.0003692377323604887,0.0,0.0,-0.03665697171929787,0.6639680327961567,0.5455,75.05,value
2026-05-16,-0.06727294596735374,0.010008382574573262,0.000635283675059327,-0.01782017214810912,0.06026020421053181,0.05734563918847198,0.023205001604270366,0.016522531892635018,-0.0118430253723418,0.00041688899308792317,0.0,0.0,-0.031132732847298027,0.6639680327961567,0.6131,82.95,standard
2026-05-17,-0.08922729767295641,-0.016745308998331893,-0.00065933095170476,-0.018180067635170417,-0.019704568386663596,-0.048377466065583574,-0.009082783602618293,-0.10941508198496014,-0.03537740748299256,0.00022011232059594477,0.0,0.0,-0.02957228131190641,0.6639680327961567,0.2476,63.75,promotional
2026-05-18,-0.12378098213967495,-0.023982032592914034,-2.822114227456088e-06,-0.017552069242789004,0.04211224268489241,0.0381997272507142,0.028062094740849718,-0.0011003235732496251,5.1033853836997874e-05,0.0003782049839792307,0.0,0.0,-0.02923895937322231,0.6639680327961567,0.4934,80.75,value
2026-05-19,-0.10824268185220899,-0.012029455582394802,-2.8646989114349734e-05,-0.018245263699085627,0.06329374700966219,0.0366358197829286,0.04414575105707263,0.03987850512594377,0.00014026214431214616,0.00039027071671443993,0.0,0.0,-0.030110397695607388,0.6639680327961567,0.5836,80.75,value
2026-05-20,-0.10184516740124672,0.009445158559681659,-3.0133603198919474e-05,-0.018268834959446395,0.0525591530400743,0.030325153780115216,0.02634569678308253,0.03107019490626044,0.00045213068624434544,0.00036598636185226495,0.0,0.0,-0.030266481104044944,0.6639680327961567,0.5703,80.75,value
2026-05-21,-0.10031529107039205,0.019507345740645176,0.00014129983722523316,-0.01875771887704468,0.06434962943549909,0.0017446048855563282,0.019809169592710535,0.003030731011582248,-0.002240251722731045,0.0003561783666664269,0.0,0.0,-0.033229005250024785,0.6639680327961567,0.5256,80.75,value
2026-05-22,-0.06752454776808373,0.020363247685940222,0.000631444258542615,-0.017633305969553478,0.053441973021024755,0.021829295267078126,0.030352845106070163,0.044145423708072486,-0.011668919491123232,0.0003922370691871038,0.0,0.0,-0.030981571305776015,0.6639680327961567,0.6157,82.95,standard
2026-05-23,-0.06499242811758814,0.015290175030027968,0.0002561881193105365,-0.018233209071411693,0.06938310442641159,0.06609319492265422,0.04516819866262813,0.03459183117800785,-0.010835226825372957,0.00038896144062164237,0.0,0.0,-0.030966243126415067,0.6639680327961567,0.6633,82.95,standard
2026-05-24,-0.055794661476929824,-0.0005436393713371215,0.0003541453268699116,-0.017997130664130966,0.08580780152105581,0.027016329424150172,0.05649687367166189,0.005852022875056718,-0.023354048116802008,0.0003565840367373312,0.0,0.0,-0.03529337853489414,0.6639680327961567,0.6124,78.75,standard
2026-05-25,-0.12703083174846688,-0.011456209463245614,0.0008760644643334671,-0.018434481944306753,-0.015454767177106987,-0.036831525409368626,-0.004118068347303051,-0.07901211869144026,0.0033856579058119682,-0.02836664212195319,0.0,0.0,-0.030691075276510674,0.6639680327961567,0.2722,72.25,promotional
2026-05-26,-0.11352964271453858,-0.016605079283488523,-3.5996502338093755e-05,-0.018580717561439086,0.0700421722542269,0.029832119968315966,0.029935868401578775,0.044003481140960504,-0.0003564004062354796,0.00044597310916287823,0.0,0.0,-0.033365780305102816,0.6639680327961567,0.5574,80.75,value
2026-05-27,-0.1095283858869734,0.007139758525931029,1.247663894900653e-07,-0.017842910972634855,0.05958066703137229,0.042627346824621784,0.01263018453121549,0.03215593829723366,-0.00026550066041818336,0.0003384085815341677,0.0,0.0,-0.030502923983971413,0.6639680327961567,0.5613,80.75,value
2026-05-28,-0.09357189577159261,0.01563116369184718,-3.824660929967649e-05,-0.017334594931307946,0.07388972341839689,-0.056286196500703226,0.03912520704319468,-0.02895851933972881,-0.00397606757797621,0.00036824786812940147,0.0,0.0,-0.03292211336985201,0.6639680327961567,0.4788,80.75,value
2026-05-29,-0.11615536038623941,0.021273549135697976,0.0004262422608881025,-0.023617452881044297,0.006471136076699623,0.02467597421809478,-0.010644513277846273,-0.005322804676521627,-0.01328035905145225,0.0004091441278142156,0.0,0.0,-0.048367554885429855,0.6639680327961567,0.4229,67.15,promotional
2026-05-30,-0.07808667724502812,0.012083305385880523,0.0005676537037797971,-0.018441130425249867,0.05768044947680391,0.03050198837286371,0.01795913569318145,0.0407646409457484,-0.011818155614753776,0.0003871462147071725,0.0,0.0,-0.031585194845640215,0.6639680327961567,0.6132,82.95,standard
2026-05-31,-0.08184353711007679,-0.014004073292118845,-0.0010349530952371423,-0.01884303967875894,-0.012686074986151654,-0.043195300156257874,0.001128545897048752,-0.09791307043061534,-0.03338183755198407,0.00021125389374356018,0.0,0.0,-0.02932906486239517,0.6639680327961567,0.29,63.75,promotional
2026-06-01,-0.050284070816034726,-0.019028053416113834,0.00021883099937986114,-0.016447685930485022,0.04636837922487393,0.04819736896385439,0.0019537986753784932,0.05360570329759502,0.00029012323753704536,0.0003729562570224516,0.0,0.0,-0.023666603639052482,0.6639680327961567,0.6332,89.25,standard
2026-06-02,-0.04652404754039344,-0.017588205936153827,8.432798573630861e-05,-0.018734575000140467,-0.009455525037144981,0.05538698004851904,0.007574696144398331,0.06874944146856433,-0.0003958924325161208,0.00028013763154740445,0.0,0.0,-0.02768958831575583,0.6639680327961567,0.6064,89.25,standard
2026-06-03,-0.04465821345900622,0.003116706647633691,9.153231837262865e-05,-0.018371144709366488,0.0017446552347319083,0.05457006701857244,0.006335995150988311,0.06376498907978749,-0.0016687254567586934,0.0003008054212114075,0.0,0.0,-0.029078009863835175,0.6639680327961567,0.6278,89.25,standard
2026-06-04,-0.06275841721353753,0.0225186059539119,0.0006057826358446619,-0.020193875721946822,-0.019250660918576613,0.016069954967228114,-0.002194720702304039,-0.006573449628100207,-0.002465605945108109,0.0002542887361050816,0.0,0.0,-0.038348691063409206,0.6639680327961567,0.4716,80.75,value
2026-06-05,-0.03460279462048311,0.02480796635631486,-0.00028669214394176374,-0.01772776232806791,-0.000406724561129522,0.05949063207600558,-0.005212058671280829,0.047598775328457125,-0.015155219319829483,0.0002778862423292594,0.0,0.0,-0.03126962382950296,0.6639680327961567,0.6238,82.95,standard
2026-06-06,-0.010246986116577317,0.01188962676925803,-5.454579494835343e-05,-0.017707937626648344,0.012787523945731665,0.0785623066826047,-0.020331197005212742,0.027016839819913003,-0.012693373653848539,0.0003774529865186195,0.0,0.0,-0.027236027662482225,0.6639680327961567,0.6479,82.95,standard
2026-06-07,-0.049492724351699505,-0.019477505891642065,-0.0013040586368879303,-0.017772652896608634,-0.013713649095683648,-0.07220131931232027,0.00014083058320466055,-0.12462372645339201,-0.03795789719539607,0.00016463288517115873,0.0,0.0,-0.0251764650484547,0.6639680327961567,0.2718,63.75,promotional
2026-06-08,-0.04335609602196746,-0.02800930230904123,0.00018632976854860315,-0.01598217828730412,0.04047528686403166,0.039281451838662176,0.014663698949727404,0.037660291217194754,0.0005396177878646994,0.0003864753096131608,0.0,0.0,-0.02081700496477424,0.6639680327961567,0.6305,89.25,standard
2026-06-09,-0.042056647456962304,-0.017345401500513617,0.00019282050678157245,-0.015766682076777214,0.030426122307744663,0.04906905096107585,-0.032219429353601295,0.0033419931766220552,0.0007961054059123853,0.000265126565733226,0.0,0.0,-0.017198693627957253,0.6639680327961567,0.6235,89.25,standard
2026-06-10,-0.02813438373925237,0.006382197326469394,0.0001923070360790007,-0.01570285856160626,0.05840481339253528,0.04680171627868913,0.029116815315035637,0.03477933000275152,0.0005354487557924586,0.00031389663126901723,0.0,0.0,-0.020611743958084842,0.6639680327961567,0.7114,89.25,standard
2026-06-11,-0.03138627574019665,0.019038588815397814,3.6636743316194017e-06,-0.016607101399597014,0.06360117746515606,0.026211227050589515,0.012204420276790189,-0.013358223770141195,-0.0010686189297630334,0.0003479162269941298,0.0,0.0,-0.027588528239350124,0.6639680327961567,0.6277,89.25,standard
2026-06-12,-0.011661648949133449,0.023424370280443328,4.170286611770281e-05,-0.016448419713356997,0.06893700537689437,0.018810675230510242,0.014036638712062996,0.005295397920250252,-0.015641067357522843,0.000352390229163575,0.0,0.0,-0.027234823475191662,0.6639680327961567,0.6547,82.95,standard
2026-06-13,-0.013202070991148503,0.012990551286358823,0.00032527977008430756,-0.017741326221075722,0.010444004404544103,0.06267665636169477,-0.01490128994478073,0.04282435211860502,-0.012776145115101827,0.0003655888894281816,0.0,0.0,-0.026095868387652443,0.6639680327961567,0.6412,82.95,standard
2026-06-14,-0.057404798196856066,-0.026334096773614875,-0.0018400235990993679,-0.017178207870696495,-0.017915187600978242,-0.065597210230575,-0.0049160784229425195,-0.12217861615734728,-0.04448897179973573,0.00017828452509274938,0.0,0.0,-0.026252638921912874,0.6639680327961567,0.2554,63.75,promotional
2026-06-15,-0.04723922184076764,-0.02573239085601745,0.00018728282865777146,-0.014077796738201868,0.04858892775672939,0.034765686905710025,0.016105204478408273,0.0007093258352979326,0.00046289388695004154,0.0003864753096131608,0.0,0.0,-0.02158589782353374,0.6639680327961567,0.6012,89.25,standard
2026-06-16,-0.03366945487176235,-0.013329304291242804,0.00019282050678157245,-0.015427988116265624,0.03705250128253465,0.06121480970640914,0.01916791380988434,0.03796836312686719,0.0008636007183667971,0.0004011724212759873,0.0,0.0,-0.019380271640839053,0.6639680327961567,0.6683,89.25,standard
2026-06-17,-0.02503541875114388,0.012260406243700344,0.00019569672114448623,-0.01566370241770346,0.04455742712311257,0.07765554933190652,0.015662316256362833,0.014060782551776356,0.0009123642923223088,0.0003653440408234019,0.0,0.0,-0.020834011227241718,0.6639680327961567,0.6989,89.25,standard
2026-06-18,-0.011552898337562512,0.02196214291470642,0.00019067605695454403,-0.015745864387790787,0.05671050957815532,0.03976100400127689,0.013823494347412636,0.055497514124330335,0.00024163323447282884,0.00035470128896122335,0.0,0.0,-0.02164490685315104,0.6639680327961567,0.7313,89.25,standard
2026-06-19,-0.00026451860255110714,0.02301204638930176,0.00023953618749510496,-0.015539348500096821,0.060853258638566325,0.05203583840071588,0.023282129108894878,0.049614993703406066,-0.015215862020100758,0.0003564472045254661,0.0,0.0,-0.02261639778969402,0.6639680327961567,0.7597,94.8,high
2026-06-20,0.007132523305004725,0.017077191099850095,0.00022907829548057636,-0.015797795200065592,0.07115617373524219,0.07568345093466997,0.03091716751268177,0.033411390386751005,-0.013454206190210243,0.00034767762935371136,0.0,0.0,-0.020778125909972002,0.6639680327961567,0.8114,94.8,high
2026-06-21,-0.05435976484624735,-0.02106667224690318,-0.001914267995278351,-0.017256684152955132,-0.014379507082856433,-0.05714443213353661,0.014723181885234228,-0.10297796434070189,-0.045288739340270695,0.00017075654646760087,0.0,0.0,-0.027165197191017797,0.6639680327961567,0.2789,63.75,promotional
2026-06-22,-0.0385569433401306,-0.02343950341335949,0.00018342601174663284,-0.0156744971312437,0.050161107050193096,0.045315946136583074,0.01607846373943903,0.04284496368624969,0.00018023398960212932,0.00039488356531364844,0.0,0.0,-0.02242832755361451,0.6639680327961567,0.6498,89.25,standard
2026-06-23,-0.05019186121805433,-0.00960708175569016,0.00013924862403655425,-0.017453580649846118,0.007019586019581765,0.08458625430476605,-0.0043582914184553375,0.026584842003761877,-0.001414816990560212,0.00040419920526619537,0.0,0.0,-0.026102080508499055,0.6639680327961567,0.6059,89.25,standard
2026-06-24,-0.023366837408471838,0.006557070068314716,0.0001927929643425159,-0.015458220582731882,0.045434982283371936,0.048532100700245794,0.012557260598892754,0.03411808028863379,0.00022341550527198704,0.0003596570531226462,0.0,0.0,-0.021460153639520287,0.6639680327961567,0.6855,89.25,standard
2026-06-25,-0.018142897627170897,0.02174587751443141,0.00018437320880184413,-0.016133991693190183,0.06841536889181225,0.052330287021355615,0.02626100857243364,0.04602851316482702,0.00010824547846277703,0.00031776640357566066,0.0,0.0,-0.02265732554277929,0.6639680327961567,0.747,89.25,standard
2026-06-26,-0.03268693044149404,0.024826734401332942,0.00028747497795848174,-0.017533646874784606,0.005505628363840515,0.05233676937087148,0.0007836027248449683,0.04185903483936272,-0.014637950425138114,0.000358923432053416,0.0,0.0,-0.029192350358054682,0.6639680327961567,0.6267,82.95,standard
2026-06-27,0.007125660602283461,0.016840095778030445,-0.00015074726955208455,-0.015701745798505726,0.07638634205064954,0.08088930154081389,0.034393898930484286,0.02884212209013276,-0.013468219236492586,0.00034767762935371136,0.0,0.0,-0.020778125909972002,0.6639680327961567,0.7864,94.8,high
2026-06-28,-0.044660860385236444,-0.01023592588457541,-0.0008190581602393649,-0.01694891295137495,-0.011993369620788143,-0.0649006830777289,0.00868854464994729,-0.10758011206771334,-0.036394034526463656,0.0002812440032503218,0.0,0.0,-0.025469980992755152,0.6639680327961567,0.3109,63.75,promotional
2026-06-29,-0.04953873603801003,-0.023009715946067447,0.00021781712600204626,-0.015546604616145486,0.05242763635565279,0.048101172263282935,-0.0026149352960128432,0.032090853030545985,0.00010741373852215472,0.00037895498727448285,0.0,0.0,-0.021964870023948604,0.6639680327961567,0.6262,89.25,standard
2026-06-30,-0.03562962051159957,-0.013391033220295865,0.00019282050678157245,-0.015427988116265624,0.03505462584382257,0.047899007924297625,0.006371956255636177,0.03509904475287112,0.000813716589458636,0.00034827446332201355,0.0,0.0,-0.018832375660538674,0.6639680327961567,0.6388,89.25,standard
2026-07-01,0.10911376434964769,0.009891564968818784,0.00039723807759583,-0.008520853583249846,0.03253177171924108,0.03542678750630512,0.01092158255214963,0.04266039536610333,0.0008460557369617163,0.00020503849221859127,0.0,0.0,-0.009066384339661454,0.6639680327961567,0.8207,102.0,high
2026-07-02,0.09947651241890162,0.021028663976649112,6.9671575241955e-05,-0.009323020048366742,0.034483052498886536,0.03655475935837603,0.02123129624682042,-0.01762332596786291,0.0005754399274446769,0.00023741066828370094,0.0,0.0,-0.009942415141420498,0.6639680327961567,0.7731,102.0,high
2026-07-03,0.12974157763532274,0.02501580482774079,-0.000814350021071732,-0.010307309951575007,-0.014841651114729756,0.0344518389456025,-0.020381530819449836,0.0556399142350092,-0.01033003239188838,0.0001529647735878825,0.0,0.0,-0.011565545927391212,0.6639680327961567,0.773,94.8,high
2026-07-04,0.13223400698306068,0.013360339589386058,-0.0005233626291301335,-0.009580840455833822,0.04716892243288748,0.08106686273085871,0.028718287502349997,0.030421492749559548,-0.008763648111373186,0.00018752299796324223,0.0,0.0,-0.008006364179615049,0.6639680327961567,0.898,94.8,high
2026-07-05,0.09472997664706781,-0.025600725000655078,-0.0014888324304774868,-0.010279742086240731,-0.0031972074535660797,-0.05998196006233775,-0.012878509194324579,-0.12874947104306922,-0.03301838950390083,0.000175648463453399,0.0,0.0,-0.01094370041750517,0.6639680327961567,0.4281,63.75,promotional
2026-07-06,0.09875925912205274,-0.018649397802681048,0.0003937817096302751,-0.00824030965739803,0.043872807027441015,0.03859897848221226,0.005838731159888994,0.04712593318632207,0.0012298849629878532,0.00019053076941054315,0.0,0.0,-0.007768919604844996,0.6639680327961567,0.7853,102.0,high
2026-07-07,0.10151711896040796,-0.004487525061087581,0.000630958715963061,-0.008519334413125763,0.05358510485553779,0.08880417432727336,0.03458017565418049,0.0345719522865802,0.0013151248722642775,0.00024407337012235077,0.0,0.0,-0.00778566222761583,0.6639680327961567,0.8784,102.0,high
2026-07-08,0.10505227044135972,0.014716665068282963,0.0004107627730845707,-0.009379004341069959,0.052900955022461865,0.07772249380124777,0.02880060251642499,0.029160285718749946,0.0013378375765823874,0.00020824498927686361,0.0,0.0,-0.007925446884430129,0.6639680327961567,0.8785,102.0,high
2026-07-09,0.1084077386265526,0.012690081808095784,0.0004102823503344553,-0.009440066821392975,0.05066117923689671,0.061468286719955356,0.02476675964889,0.02320967035069407,0.001084361498862563,0.00020816661289427429,0.0,0.0,-0.008046240966432378,0.6639680327961567,0.8648,102.0,high
2026-07-10,0.12934050479093276,0.013335448404495765,-0.00014556788351910652,-0.009518697915569647,0.039066739598172716,0.05983873001507527,0.0235626293311725,0.02359311536370296,-0.009352370595937827,0.00018991677544545382,0.0,0.0,-0.007996717371555861,0.6639680327961567,0.869,94.8,high
2026-07-11,0.13142097229621869,0.01409623683753125,-0.00014353706409747245,-0.00967688985739369,0.055485832470716555,0.07360453405760563,0.028197539920634885,0.03270450234730015,-0.008735755169647745,0.00020604534994345157,0.0,0.0,-0.008006364179615049,0.6639680327961567,0.9008,106.65,premium
2026-07-12,0.0955703127343222,-0.02356507653387962,-0.0007292957283207215,-0.009817379268955847,-0.005140673397901992,-0.06140692174451397,-0.0005686311803947321,-0.10995291880169679,-0.03485719975308894,6.0107899509603154e-05,0.0,0.0,-0.011500622364052106,0.6639680327961567,0.4513,71.25,value
2026-07-13,0.09257851087144081,-0.02415679925589575,0.0004385523909295443,-0.00752230077238346,0.02183107766328976,0.025812349192823603,-0.014269987387520814,-0.0001551745043689148,0.0009075667829310987,0.0002654608781449497,0.0,0.0,-0.009161211255253874,0.6639680327961567,0.6936,89.25,standard
2026-07-14,0.10565588853022928,-0.006494570841798122,0.0006377714850677877,-0.00786164797314268,0.03866410053713844,0.09016712724142054,0.006223184608996235,0.04525413013375874,0.0007359092794285971,0.0002550426962552592,0.0,0.0,-0.008392449842227506,0.6639680327961567,0.8504,102.0,high
2026-07-15,0.10960983988526277,0.014573616017107268,0.0004547436944703805,-0.008719961874900036,0.029909824713748093,0.0874414992665661,-0.012223127405984994,0.04177223691773179,0.0007455055445825565,0.0002518929087091237,0.0,0.0,-0.008577427840165911,0.6639680327961567,0.8392,102.0,high
2026-07-16,0.09974704135749199,0.026188149817098747,0.0006760228841012577,-0.00983051373946364,-0.0023439089285930094,0.05009063097636682,0.0057337744466385634,0.04433166098051879,0.0012096015300194268,8.209842350333929e-05,0.0,0.0,-0.013432878827232344,0.6639680327961567,0.7895,102.0,high
2026-07-17,0.14091749225281092,0.025603026558295827,-0.0002070736170862801,-0.009042839767236728,-0.0014058356352434202,0.036792043100209414,0.015549354927934474,0.01418205124422093,-0.010390992271350114,0.000248473594605457,0.0,0.0,-0.01258968892190751,0.6639680327961567,0.7837,94.8,high
2026-07-18,0.13106465055130684,0.013322245203975399,-0.0005233626291301335,-0.009580840455833822,0.044218922704472786,0.07398081506674861,0.02797963779197744,0.02746131963884909,-0.008745394361205399,0.00018752299796324223,0.0,0.0,-0.008006364179615049,0.6639680327961567,0.8815,94.8,high
2026-07-19,0.10276006791750114,-0.02278235782627598,-0.0007365939597657416,-0.008969707252566878,-0.01100685152249207,-0.04952232181140426,0.005320107988191012,-0.10392484170383977,-0.03874581417733134,6.795030672219582e-05,0.0,0.0,-0.012261005604930687,0.6639680327961567,0.4657,71.25,value
2026-07-20,0.09449165974232164,-0.016689884180083027,0.00039489945599052587,-0.007795182376095909,0.03756324014721395,0.05139201534638051,0.02515561326601528,0.05448297281680788,0.0010496793443162458,0.00024642756208777424,0.0,0.0,-0.0075919132309354605,0.6639680327961567,0.8182,102.0,high
2026-07-21,0.1010751935685621,-0.004305380100582624,0.0006348587148095249,-0.008519334413125763,0.04232474559202456,0.08906426037691927,0.03283748646665845,0.03226055460486896,0.0013140021498620625,0.00022555101814214138,0.0,0.0,-0.00778566222761583,0.6639680327961567,0.8831,102.0,high
2026-07-22,0.10561964890272066,0.015327884786724097,0.000633111911432934,-0.00928295493951009,0.04354616584183896,0.08656205969124495,0.02720586212959097,0.029978760600974055,0.0013269671034722705,0.00018972263729665428,0.0,0.0,-0.007925446884430129,0.6639680327961567,0.9002,114.75,premium
2026-07-23,0.11124936568803606,0.010855562556715086,0.0006326314886828186,-0.00926538765754958,0.03127286706355881,0.07369694126052126,0.018212636782991468,0.042008958935253755,0.0009195374139890192,0.00020510717632714657,0.0,0.0,-0.007998966893952455,0.6639680327961567,0.8881,102.0,high
2026-07-24,0.13033953616161306,0.0132433884526381,-0.0005229939723067219,-0.00942264851400978,0.04374839495960623,0.07441019935904114,0.02535992510968208,0.030262414315508065,-0.009382026024366497,0.00018991677544545382,0.0,0.0,-0.007996717371555861,0.6639680327961567,0.9127,106.65,premium
2026-07-25,0.13139756361599575,0.014396874084572117,-0.00014353706409747245,-0.00967688985739369,0.05398682810740138,0.07274504981730934,0.027401926539554554,0.03264271358996848,-0.008735755169647745,0.00020604534994345157,0.0,0.0,-0.008006364179615049,0.6639680327961567,0.9194,106.65,premium
2026-07-26,0.10358675163529552,-0.03154120537570634,-0.0005103837672795636,-0.010396291374643624,-0.015684329247764254,-0.049143918328372824,0.0011419606164345172,-0.05562454909340159,-0.029471574922463335,5.245774207287468e-05,0.0,0.0,-0.013248910456342855,0.6639680327961567,0.5262,71.25,value
2026-07-27,0.07272971630782558,-0.02212138815203798,0.00036026010283967476,-0.008664930839164298,0.03201573132188787,0.04254462931364833,0.026060067374186473,-0.004633791786254733,0.0009877958131037303,0.00027085356530733403,0.0,0.0,-0.009489396697987103,0.6639680327961567,0.731,89.25,standard
2026-07-28,0.1003386265566569,-0.005996551382024336,0.0006961983851942932,-0.008755976627129711,0.00938178225388765,0.08850120113599041,0.010776711729351518,0.042693452197763694,0.0008214609643546283,0.00029637078795349223,0.0,0.0,-0.011056294388414243,0.6639680327961567,0.8194,102.0,high
2026-07-29,0.10315577695429783,0.012939816627993424,0.0007884820356412091,-0.009803403242200148,0.0036640737810157585,0.09148991058570027,-0.020923457988472366,0.055308066216410226,0.0009908964828937313,0.00021602463524322956,0.0,0.0,-0.011572982390825928,0.6639680327961567,0.8118,102.0,high
2026-07-30,0.10638339372735209,0.024851257708600315,0.0003809838780434802,-0.010181379813628154,-0.00023370355607403326,0.04614604045453234,0.011559525658904021,0.05701492205963586,0.0013908677359722786,0.00011631304363254457,0.0,0.0,-0.013092756945035944,0.6639680327961567,0.8145,102.0,high
2026-07-31,0.1322704949922263,0.015122302160349136,-0.0005231267830968137,-0.008944706768757898,0.04376082363186287,0.08121444565143247,0.022747713987460887,0.02379356199844551,-0.009660351417740458,0.00022630322689656167,0.0,0.0,-0.00853197266125062,0.6639680327961567,0.9016,106.65,premium
2026-08-01,0.12781140459068774,0.012106455168575848,-0.00014126758802740367,-0.00965581833939359,0.04081710758912959,0.06936497280631373,0.023274833710147505,0.031114785808076705,-0.009147856163319375,0.00013183901726733895,0.0,0.0,-0.007666920673116693,0.6639680327961567,0.8881,94.8,high
2026-08-02,0.0910632468329386,-0.03441011407687256,-0.0007043014986120397,-0.01080559227723279,-0.03210094100660717,0.03696815223057638,-0.01786115471183075,-0.01306283580629679,-0.027623219203982446,-6.320306030102073e-05,0.0,0.0,-0.012822224351657495,0.6639680327961567,0.6164,78.75,standard
2026-08-03,0.09302142017586447,-0.012393328325018957,0.0004792759913543705,-0.008590122064095339,0.04582277524579695,0.017551632337046614,0.030397386316693885,0.013492357471324793,-0.00026268106405768777,0.00017521992686670275,0.0,0.0,-0.008566901759892062,0.6639680327961567,0.7628,102.0,high
2026-08-04,0.10164493326167576,-0.014752034950030066,0.0003962447463854914,-0.007755382934803492,0.03636662474846889,0.032002584847952674,0.005648641063275137,0.04861023758543524,0.0005279305415460839,0.00018743537773843855,0.0,0.0,-0.007448731803204283,0.6639680327961567,0.7979,102.0,high
2026-08-05,0.10261265279201325,0.010955736622307085,0.00039816567041270904,-0.008822334335141933,0.042943472021903295,0.029245525129601452,0.009432211778399504,0.05364036640092308,0.0009610635945573449,0.0001505124110262841,0.0,0.0,-0.007692243620593217,0.6639680327961567,0.8255,102.0,high
2026-08-06,0.0978266435228179,0.021457080464721,0.0003613884662336204,-0.00948246696293063,0.0479220633536388,0.04216710219091328,0.0313011345758132,0.005418368484592065,0.0011229166596385767,0.00018685426376760004,0.0,0.0,-0.009059652060044755,0.6639680327961567,0.8209,102.0,high
2026-08-07,0.12980301281335416,0.02279933862606231,-0.00011543335745227521,-0.008488132391750697,0.0322332922093774,0.04617862500899354,0.012102247302613252,0.03738709389144787,-0.009890459822643607,0.00016846096608787777,0.0,0.0,-0.008426447118938085,0.6639680327961567,0.8439,94.8,high
2026-08-08,0.12722015377432036,0.008933632937469155,-0.0001414003988174954,-0.009083332281166805,0.042372612689592644,0.07042677461674247,0.015215804470481088,0.02173145067911173,-0.009529623381422426,0.00017165076418314127,0.0,0.0,-0.008126249616601853,0.6639680327961567,0.8555,94.8,high
2026-08-09,0.08779113370888808,-0.04532065550921834,-0.0015792151742207352,-0.008835279824495956,-0.024524141607653295,-0.06808403643426572,0.0018052431562755366,-0.12853692247776052,-0.03594364386364032,-6.4776490617077795e-06,0.0,0.0,-0.010629782207179233,0.6639680327961567,0.404,63.75,promotional
2026-08-10,0.07904450973750499,-0.020209946576280346,0.00017960859389859251,-0.00827944246887637,0.03413457181661943,-0.021741685164663068,0.016806953149975015,-0.02241706300210353,-0.0004928554932193947,0.00017615319276228546,0.0,0.0,-0.008900476519913353,0.6639680327961567,0.6723,89.25,standard
2026-08-11,0.10115471206931397,-0.014788090541162091,0.0003962447463854914,-0.007755382934803492,0.03428326949170514,0.022673976900416167,0.004751650622372838,0.04707069371491889,0.0005350976899499073,0.0001843372436705977,0.0,0.0,-0.007435594976050197,0.6639680327961567,0.7974,102.0,high
2026-08-12,0.10552855925468613,0.011795790789596139,0.000409919440469821,-0.008822828778836993,0.044859218682398935,0.05003778124556629,0.017674387732829925,0.044366268772540934,0.0011344850203895477,0.00015894417429808527,0.0,0.0,-0.007636049575768994,0.6639680327961567,0.8496,102.0,high
2026-08-13,0.09848690060816079,0.02308830912486701,0.0003940686004061718,-0.008653420510949219,0.04729997526290026,0.04908996334894619,0.01833948646987483,0.036809905938251175,0.0009547967213438822,0.00016917541157454255,0.0,0.0,-0.008374693364392442,0.6639680327961567,0.8477,102.0,high
2026-08-14,0.1307159261161287,0.023215052157434912,-0.00011543335745227521,-0.008504452980225324,0.03306815636677493,0.04815485003983122,0.012324732024269907,0.052383271163795146,-0.009189702645329818,0.000170050707180053,0.0,0.0,-0.00843228488364548,0.6639680327961567,0.8655,94.8,high
2026-08-15,0.12725283696370387,0.012252573610536274,-0.00014126758802740367,-0.00965581833939359,0.042038469394930875,0.06506179752452226,0.024291677556971994,0.02912328087089918,-0.009143896087531175,0.00013526431273203342,0.0,0.0,-0.007666920673116693,0.6639680327961567,0.8668,94.8,high
2026-08-16,0.08284050547085645,-0.03830110401133424,-0.0016457717047887854,-0.011290014022735703,-0.012551132860673532,-0.049974589864774314,-0.0008604494366663859,-0.13228752370489383,-0.03321437937614246,-1.8219727295218035e-05,0.0,0.0,-0.009640701134951087,0.6639680327961567,0.4247,63.75,promotional
2026-08-17,0.08197568582880194,-0.01944490743809365,0.00032537555502494797,-0.008761551507297554,0.04754348087697145,0.03032966963836225,0.03713891808040717,0.0033331650287727822,0.0010956650937223459,0.00022409481497015805,0.0,0.0,-0.008526209377596388,0.6639680327961567,0.7584,102.0,high
2026-08-18,0.10440595943972586,-0.0019216591595704814,0.00040755353988788554,-0.008365462272122386,0.04205809276587752,0.04979991284136122,0.018290784606873785,0.04878313278201312,0.0011096332100860309,0.00018119597376789899,0.0,0.0,-0.0063491543301934135,0.6639680327961567,0.8401,102.0,high
2026-08-19,0.10888016736369172,0.009858704873477108,0.00041796554224856665,-0.00859023471236287,0.037486129427070414,0.044588663695914875,-0.013791330148207633,0.040250452984164437,0.0007009514948294964,0.00014357618195936085,0.0,0.0,-0.007698680589019204,0.6639680327961567,0.827,102.0,high
2026-08-20,0.10677249219674922,0.021351889470030073,0.0003929016603215132,-0.007907654189984896,0.03150521497405498,0.04241915000883455,0.010495717161709764,0.03455455956357764,0.0005482568016741424,0.00016834467416629192,0.0,0.0,-0.00847941071567766,0.6639680327961567,0.8358,102.0,high
2026-08-21,0.13168450251401373,0.01465439215510378,-0.00014363237582438158,-0.009317587548328447,0.031182876007413138,0.044107401294630116,0.020727465595202377,0.04306789435761675,-0.009923719592108683,0.00014581484522204846,0.0,0.0,-0.007211997076708939,0.6639680327961567,0.8568,94.8,high
2026-08-22,0.1277942858789065,0.01287222389640192,-0.00014366706427244933,-0.00965581833939359,0.05457919087263871,0.07012061967407862,0.027296610055356725,0.03364405284809982,-0.009146093676616146,0.00015378666471224276,0.0,0.0,-0.007666920673116693,0.6639680327961567,0.8961,94.8,high
2026-08-23,0.12864216013170154,-0.01743073245386222,-0.00012971454931539483,-0.009321438141239924,0.06733412082168796,0.039322858420626286,0.03394015828406191,0.053431218903609995,-0.021729483131282902,0.0001467004738515243,0.0,0.0,-0.006952705233779851,0.6639680327961567,0.8528,90.0,high
2026-08-24,0.06826030416990397,-0.007655612766717241,0.0010853678015701007,-0.008838970539982257,-0.009703330728123545,-0.06499543655955495,0.0008043512184085556,-0.10926080618322156,0.0035208761091271297,4.8359166743466625e-05,0.0,0.0,-0.00973184400050377,0.6639680327961567,0.4921,80.75,value
2026-08-25,0.0984781267613871,-0.017840374515017174,0.00043887564996839494,-0.007865270536756725,0.023958765679682983,0.02041387870379185,-0.018557138666303215,0.03591358239452165,0.0005680543704074806,0.00021607326786033808,0.0,0.0,-0.008799301047067274,0.6639680327961567,0.7447,89.25,standard
2026-08-26,0.1064410207201654,0.010930968845270398,0.00041587696225906255,-0.010052927656899555,0.006421315883584611,0.05511425133164084,-0.00674698340811301,0.06228173869019883,0.0011841489414364333,0.000148817339213565,0.0,0.0,-0.011006099987360357,0.6639680327961567,0.8022,102.0,high
2026-08-27,0.10083767808026459,0.02588542884753406,0.0007409805413626599,-0.011462426293248427,-0.007781594234529622,0.011159765968550344,0.0023033806631574403,0.0009036491308943368,0.0021295232959600984,-1.545000087935478e-05,0.0,0.0,-0.012616439227640512,0.6639680327961567,0.7145,89.25,standard
2026-08-28,0.11970804935356864,0.024279405021639833,-7.695049047470024e-06,-0.009596944606091711,0.04181546136696489,0.017173942699024336,0.03134952823218555,0.004284173723623099,-0.010701695201896655,0.0002280176214990206,0.0,0.0,-0.0097388814599326,0.6639680327961567,0.8112,94.8,high
2026-08-29,0.1302334452090472,0.009555179312315885,-0.0001465609230363043,-0.008778529201066703,0.0371177068958641,0.07303976689045885,0.008655474883449643,0.021020741980286403,-0.008381382553205186,0.0001708200267748907,0.0,0.0,-0.008108840314045665,0.6639680327961567,0.8553,94.8,high
2026-08-30,0.08583743362675887,-0.038077760843749274,-0.0020944079027685803,-0.011556471978990885,-0.031052630228612543,-0.04390350827670045,0.0034524094201115064,-0.11675943724085663,-0.02827583536251768,-0.0001431058138841763,0.0,0.0,-0.01012240557880432,0.6639680327961567,0.4374,63.75,promotional
2026-08-31,0.07641241740654368,-0.01818223295930511,0.0007891873206826857,-0.010434906871625571,-0.013038227755419938,0.03618916608557629,-0.002281596895260009,-0.006493318376102251,0.0007530589578382204,-0.021195587734298894,0.0,0.0,-0.012868850902748818,0.6639680327961567,0.6275,89.25,standard
2026-09-01,0.18842543465853306,-0.007594644442389835,0.0008690843454241986,-0.007735538490800536,0.008050845268946432,0.021638530980544603,0.003843515725733596,0.043694928025255646,0.001771037741782493,0.00014836985664442182,0.0,0.0,-0.0021521535541323827,0.6639680327961567,0.8411,102.0,high
2026-09-02,0.18612896886864472,0.009568415732654103,0.0005823950556514319,-0.009489488872801304,-0.008617067645162024,0.027560168217019964,0.009251601742260392,0.045998339431909695,0.0020402532202570003,1.6921935603022576e-05,0.0,0.0,-0.0024997524863647415,0.6639680327961567,0.8568,102.0,high
2026-09-03,0.20413699729954532,0.020145306258549683,0.0004727759529196192,-0.01011788242046896,-0.01661384117792113,-0.008816575422591996,-0.008307232074381317,0.0019674254291821855,0.001797223421956005,-2.1176361595280467e-05,0.0,0.0,-0.004118349326759926,0.6639680327961567,0.783,102.0,high
2026-09-04,0.2015736386355129,0.014453371326670095,-0.0005325254912313539,-0.009055471073195803,0.036780156434633685,0.0024047614368246303,0.02158590010937769,0.014437258578145701,-0.009399431279343845,0.0001564330719411373,0.0,0.0,-0.004070059350066003,0.6639680327961567,0.8569,94.8,high
2026-09-05,0.1867454361580967,0.00741370234801252,-0.0005212306256435113,-0.009113054578876473,0.028476326849762697,0.059016885223227296,0.016810788599395894,0.021798141330375075,-0.008260600537010759,0.00011702105368021876,0.0,0.0,-0.0034827581473655302,0.6639680327961567,0.8891,94.8,high
2026-09-06,0.17691489991445813,-0.05441059165402476,-0.0015906495192903093,-0.008991996944540006,-0.021189036176700028,-0.06593255221044092,-0.0028459672970711832,-0.06868584221382479,-0.028402265030621494,-4.434451527777128e-05,0.0,0.0,-0.00296089016640326,0.6639680327961567,0.5397,71.25,value
2026-09-07,0.17974147609989266,-0.0016050532668814414,0.0005948698196443728,-0.007803610658520484,0.024771125417279105,0.019805655762535027,-0.013474584932933796,0.03765206143834439,0.002335614731811802,0.00012278745672665537,0.0,0.0,-0.0018821158695354829,0.6639680327961567,0.8412,102.0,high
2026-09-08,0.17294612823065653,0.0032870982599506535,0.0006133183147321688,-0.007674235399419558,0.03367752399856181,0.042503766471385464,0.01764620336949156,0.03634205313173516,0.0020284778918576193,0.000164160848245956,0.0,0.0,-0.0026463158831611508,0.6639680327961567,0.8844,102.0,high
2026-09-09,0.17335786568882394,0.012189118770731512,0.0006161945290950826,-0.008499090501005412,0.029640693640063547,0.05419389605702236,0.0005546161009478984,0.03606776223485576,0.001974925944508868,0.00013266027730423957,0.0,0.0,-0.00281959149557224,0.6639680327961567,0.8829,102.0,high
2026-09-10,0.17409502690398948,0.011239504336042955,0.0006157141063449672,-0.008560152981328428,0.029270109779394263,0.03495674655529365,-0.0019601867835517626,0.030672434232092198,0.0015710835889767624,0.0001279046047711745,0.0,0.0,-0.003060973186089541,0.6639680327961567,0.8637,102.0,high
2026-09-11,0.18680306840981575,0.009237323796556667,-0.0009030870100978063,-0.008849432989271008,0.030998175411456032,0.06242692531903958,0.01717184694802563,0.021580564022380712,-0.008832202757424966,0.00011639727151487023,0.0,0.0,-0.0035029063281690467,0.6639680327961567,0.8918,94.8,high
2026-09-12,0.18720004992211034,0.0074186425530333505,-0.0005212306256435113,-0.009113054578876473,0.028009020964018416,0.06074409687066145,0.01623088319596718,0.023559407730015663,-0.008260600537010759,0.00011400349310133606,0.0,0.0,-0.0034827581473655302,0.6639680327961567,0.8982,94.8,high
2026-09-13,0.1826481043963995,-0.05197166430585639,-0.0021767248545656913,-0.008649640223527967,-0.026473278995130384,-0.07486486245235574,-0.027263315240434165,-0.07347309600662992,-0.023969640250863452,3.292601314024068e-05,0.0,0.0,-0.0009516373371516243,0.6639680327961567,0.5292,71.25,value
2026-09-14,0.20476130204999937,0.006750711188506102,0.0008501732615986839,-0.007566945921818842,0.01195912278630567,0.03693548424844266,0.012340682788741106,0.042326134470844406,0.0022122312789288117,0.0001880228972295299,0.0,0.0,-0.0017848136987668117,0.6639680327961567,0.8841,102.0,high
2026-09-15,0.19107099431430288,-0.007083415762383083,0.0008697075778763974,-0.00751682402404549,0.009122771518821536,0.015153975600751438,-0.020398255868734852,0.0389361251556511,0.0014695064955885751,0.00016798780055250973,0.0,0.0,-0.0024687314651528143,0.6639680327961567,0.8187,102.0,high
2026-09-16,0.17476892798020527,0.010269423464891589,0.0008524615214992081,-0.008015016881763586,0.02535137254229994,0.02216091896796934,0.009695141161755601,0.04274454876411982,0.001639274625122198,0.00013577248924411832,0.0,0.0,-0.0023881948495545658,0.6639680327961567,0.8673,102.0,high
2026-09-17,0.19448027456390266,0.02035193691870518,0.0005792358471662738,-0.00884055717413139,-0.012375694212951201,0.03957223981467541,-0.0005863499157821935,0.027656447288041817,0.0022779884273331844,-4.6667529619298876e-05,0.0,0.0,-0.0038064833273892874,0.6639680327961567,0.8632,102.0,high
2026-09-18,0.21258075982443186,0.017068102016804913,-0.0009796403418877162,-0.009160509776193067,0.02470995447312089,-0.006423073787875182,0.017529449370951626,0.0153957339205881,-0.00837014761890896,0.0001735129905864596,0.0,0.0,-0.00332122488495952,0.6639680327961567,0.8709,94.8,high
2026-09-19,0.1926455091078751,0.005453588301670606,-0.0005215645940188551,-0.008939241280444548,0.03276735005063529,0.04215619478681401,-0.006305126936669694,0.04192421066318275,-0.008241660192281414,9.04586223186925e-05,0.0,0.0,-0.0032279444327723466,0.6639680327961567,0.8872,94.8,high
2026-09-20,0.16769706000252882,-0.0414443686404993,-0.002133871523707057,-0.009922588327237462,-0.025095563509719795,-0.06780818071430258,-0.010391912413229875,-0.12375108893076686,-0.01797584001425275,-0.00012498488239361902,0.0,0.0,-0.0023861714616505193,0.6639680327961567,0.4937,71.25,value
2026-09-21,0.22065067099142838,0.011280107070029771,0.0008482166953617707,-0.009279164647028664,0.010658263676185015,0.0241093291219222,0.010221319845844845,0.00033274419029476155,0.0015385802205782964,0.00017992827738635243,0.0,0.0,-0.002376150210926426,0.6639680327961567,0.8583,102.0,high
2026-09-22,0.1943007101466901,-0.006185547162564036,0.0012143454212346116,-0.008618120128070587,-0.013484828251039287,0.02158284870955322,-0.009110901993626611,0.04420196815106829,0.0021298874005151445,8.033258654177189e-05,0.0,0.0,-0.002055431127031625,0.6639680327961567,0.8219,102.0,high
2026-09-23,0.1929426921238264,0.008882431251669914,0.0012118760384473716,-0.009045947024758789,-0.012321687288964312,0.020494639587075654,-0.016477764489762195,0.04136543110925049,0.002113825403750525,3.9652738138102e-05,0.0,0.0,-0.002044981592342083,0.6639680327961567,0.8327,102.0,high
2026-09-24,0.21054550443822517,0.01778577659467555,0.0006484882575750816,-0.009736592454995844,-0.018046596661672083,0.010204117158260487,-0.00791955168901768,-0.015524989332137917,0.0014540317101418621,-3.79576435079798e-05,0.0,0.0,-0.004711246118808049,0.6639680327961567,0.7871,102.0,high
2026-09-25,0.20727501901900175,0.011561423412604199,-0.0010332013519946486,-0.007771741120370279,0.03684081396034162,-0.03516697182820644,0.021453366306595854,0.004878231354763557,-0.010499187542234723,0.0001268539339362178,0.0,0.0,-0.003794185415361426,0.6639680327961567,0.8202,94.8,high
2026-09-26,0.18996915724973223,0.011143545219541919,-0.0005215645940188551,-0.009155547727961675,0.03434103027591482,0.02423580813305671,0.01860401857476245,0.046587454569144024,-0.008852576827681332,9.785783360712229e-05,0.0,0.0,-0.003285056774344412,0.6639680327961567,0.8918,94.8,high
2026-09-27,0.1709461155449153,-0.046229626052852836,-0.0021156653023936085,-0.00931910723767214,-0.024005149933262145,-0.05551627752345666,-0.00936564006815752,-0.11547351636719395,-0.024782861905470785,-0.00011133324247202836,0.0,0.0,-0.0024715851107466732,0.6639680327961567,0.5025,71.25,value
2026-09-28,0.21834622949891128,0.004076041260494094,0.0006468375522526912,-0.009432972426337075,-0.01516750848851734,0.0099010135172648,-0.007798671947879483,0.0007201541227877897,0.001969531411283242,-1.0111523442901672e-05,0.0,0.0,-0.0033082846912730023,0.6639680327961567,0.7947,102.0,high
2026-09-29,0.18140720267018698,-0.005973420009438996,0.00044487767561804506,-0.008440320915586198,-0.0016289212682786456,0.05097655935080547,-0.00242187783688496,0.055490916210877914,0.003319440832656255,3.729487990494818e-05,0.0,0.0,-0.002818089675412921,0.6639680327961567,0.8621,102.0,high
2026-09-30,0.17802545452197957,0.011346921721888066,0.0007717194872384425,-0.00946744552135351,-0.016264785702620427,0.0323749461683692,0.009750086329888288,0.05300238345887555,0.0020219075473432895,-3.0398326984141016e-05,0.0,0.0,-0.0027244867576737305,0.6639680327961567,0.8551,102.0,high
2026-10-01,0.14553201884339795,0.018151601409372234,0.0013691968788625672,-0.009747715287194297,-3.448282500903609e-05,-0.06482714119625597,0.01232326369187649,-0.02987086771803297,0.002553249672455422,-6.468593716272151e-05,0.0,0.0,-0.004550636498897802,0.6639680327961567,0.6671,89.25,standard
2026-10-02,0.1637948280877663,0.014102445557498866,-0.0007763834255747497,-0.009727963453005941,-0.012799608886904025,-0.046812437907159624,-0.0005266873946020496,-0.009145415013386808,-0.02066727788309072,-7.442609177087434e-05,0.0,0.0,-0.004938428076202399,0.6639680327961567,0.6672,82.95,standard
2026-10-03,0.15843955594145154,0.008673889801748373,-0.0005299998827103991,-0.009093763241326085,0.02365091709505941,0.04905390173286651,0.0019861889553722005,0.04406774531056362,-0.016049764690353185,0.00011482952436199413,0.0,0.0,-0.003493848203303059,0.6639680327961567,0.8516,94.8,high
2026-10-04,0.12196480507474734,-0.05004846991864906,-0.002082132057723356,-0.0094678181454874,-0.03813695683688638,-0.06681174072014255,-0.01538126818616729,-0.1247184693222007,-0.02312950112800172,-0.0001919780998432543,0.0,0.0,-0.0030407307893183314,0.6639680327961567,0.4237,63.75,promotional
2026-10-05,0.17851344094708477,0.01243058874263079,0.0008287944437761326,-0.008685757953746362,0.007885587462784316,0.04456763867215341,0.0007131321274719085,0.046854846673697464,0.0050394441790122075,0.00012832327728392557,0.0,0.0,-0.0016537742004511529,0.6639680327961567,0.8768,102.0,high
2026-10-06,0.1591173520679458,-0.006948849176747898,0.0006589587593480245,-0.00798120503970131,0.03507175892009764,0.036629571927198415,0.01032255785207235,0.04422773574649545,0.004829671505998704,0.00016142471984494477,0.0,0.0,-0.0027569976076920284,0.6639680327961567,0.8604,102.0,high
2026-10-07,0.16655098122389972,0.010580781798886165,0.0008581692568695872,-0.009232818810487514,0.007345366706351342,0.03384398430767396,-0.0058400796156129215,0.05383836779152261,0.0049498114844464,7.879285799572244e-05,0.0,0.0,-0.0025779616275322043,0.6639680327961567,0.8474,102.0,high
2026-10-08,0.15347716641653825,0.014758029817334319,0.001256123733561253,-0.008698147967654222,0.031304370507052225,-0.03997668186490046,0.03189320428104839,0.005871607724657224,0.0027291756726190216,0.00011568994369008579,0.0,0.0,-0.0037831497743754878,0.6639680327961567,0.7775,102.0,high
2026-10-09,0.1436979224367824,0.009531799255073565,-0.0015091168385115454,-0.00969932266097021,-0.009967864372410984,-0.07421251513063909,-0.027801178035853805,-0.06391009717183624,-0.02087504900622298,3.6732876993482934e-05,0.0,0.0,-0.003262340208348178,0.6639680327961567,0.5737,75.05,value
2026-10-10,0.15237305890305652,0.008384642182723837,-0.0005327158024010714,-0.008557308098635984,0.03172565010636754,0.05120759114710381,0.00992477702596807,0.011597804175384226,-0.016616966522080473,0.00011559180024778469,0.0,0.0,-0.0035060621521333813,0.6639680327961567,0.8339,94.8,high
2026-10-11,0.1235327231048268,-0.04623765204835945,-0.002773486790014431,-0.010192958186002216,-0.03593891816799805,-0.07547440852849832,-0.015652041179484516,-0.12303136154868845,-0.018273260049812962,-0.00019450021276134065,0.0,0.0,-0.002976272406973294,0.6639680327961567,0.4275,63.75,promotional
2026-10-12,0.16981202018368274,0.0011663794279884315,0.0004876943585986737,-0.010005117797278217,-0.010505195971712964,-0.023818018944366488,0.0022862815408807363,-0.0072620023019371715,0.006220998125842016,-3.275608195690438e-05,0.0,0.0,-0.0023346109048870863,0.6639680327961567,0.7454,89.25,standard
2026-10-13,0.1670173316914097,-0.00666331248547067,0.0009160417532693828,-0.008448905695448048,0.011420914282880404,0.024949213216004865,0.00326789754006677,0.041977594784035316,0.004585769593293662,0.0001372887680772692,0.0,0.0,-0.002177286274789367,0.6639680327961567,0.8394,102.0,high
2026-10-14,0.16574143293804994,0.00857052529849534,0.0008514748133457034,-0.009113186232556473,0.006766956031562585,0.0332364190741464,-0.011485460537776816,0.04594834373802223,0.004723240826657275,8.542285748990253e-05,0.0,0.0,-0.002336375901060819,0.6639680327961567,0.8454,102.0,high
2026-10-15,0.1460160359740112,0.016192869889935537,0.0008369264293578453,-0.010099394729353662,-0.009570714041081372,-0.06518252447946725,-0.004620449499248934,-0.03277297483551228,0.0048672791651988515,-7.571065999218261e-05,0.0,0.0,-0.004073207805064157,0.6639680327961567,0.6563,89.25,standard
2026-10-16,0.16216968629329315,0.012323868930954631,-0.0016612313779478427,-0.00995637849697232,0.0021080993933501302,-0.054779186361833127,0.0061641489102185,-0.018745628733508057,-0.021661687952342617,2.3179367155535148e-05,0.0,0.0,-0.004319686666967755,0.6639680327961567,0.6741,82.95,standard
2026-10-17,0.15743594931022017,0.007041171889735779,-0.0005287291358981747,-0.009423339755521738,0.02849302320696006,0.04529237666302288,-0.015775841530237814,0.044012916323557874,-0.01630740660500305,7.272489549359307e-05,0.0,0.0,-0.0033780652872810605,0.6639680327961567,0.8332,94.8,high
2026-10-18,0.12255559358567372,-0.0458502442966128,-0.0021563691117335113,-0.01101485000113462,-0.02822598404508244,-0.07363019716869894,-0.0006834918703752923,-0.12561153379365714,-0.017725620473822347,-0.00014299448113888502,0.0,0.0,-0.0029599290213518543,0.6639680327961567,0.4493,63.75,promotional
2026-10-19,0.18125024006014429,0.014310319496449666,0.000914317086688243,-0.009776728925979115,-0.002684687813733035,0.014313023851835168,-0.0162790803175194,0.01009987141583406,0.004780380466712813,0.00011701883823843672,0.0,0.0,-0.0014764191908907378,0.6639680327961567,0.7949,102.0,high
2026-10-20,0.1490268790749724,-0.007651024341803351,0.0006519990511733339,-0.007931015350201052,0.026420507736536817,0.03033646037197832,0.009295719745372482,0.044772834883649915,0.00454304480155406,0.0001512458561337553,0.0,0.0,-0.0026218114752991823,0.6639680327961567,0.8402,102.0,high
2026-10-21,0.16982103194949377,0.01041623176664507,0.0009268007156642852,-0.009486005215105252,0.00196900512031425,0.029762458566994613,-0.02275136603275314,0.04738394125186823,0.005080379039296531,6.580911378841847e-05,0.0,0.0,-0.0024084386572285443,0.6639680327961567,0.8286,102.0,high
2026-10-22,0.16592371736086353,0.015684375863864262,0.0009429592321394012,-0.00948689510940312,-0.012464020209001319,-0.04559454854446085,-0.0006249406592323794,-0.008599512661770859,0.0030934340086751035,-6.910918236826546e-05,0.0,0.0,-0.004487019720036187,0.6639680327961567,0.7083,89.25,standard
2026-10-23,0.1662941175272117,0.013377757824902803,-0.0010388167331402656,-0.009526183879956079,-0.010642182459851027,-0.05133221120156668,0.0008924592639159524,-0.015041658423222543,-0.020578793636268525,-7.566702135954984e-05,0.0,0.0,-0.004603867487297976,0.6639680327961567,0.6763,82.95,standard
2026-10-24,0.15299051821347892,0.00893279888449433,-0.0005327158024010714,-0.0083078035266808,0.034285198244164344,0.05301025405414839,0.006182853108985002,0.013495788747968617,-0.016631005225892295,0.00011559180024778469,0.0,0.0,-0.0035564156306572836,0.6639680327961567,0.8301,94.8,high
2026-10-25,0.12693470332409743,-0.04890805341509986,-0.0021766104575362986,-0.0108595101914907,-0.01010343063363689,-0.07244187780493666,3.559891219629156e-05,-0.1390403886567874,-0.018881044109730283,-7.572784740477801e-05,0.0,0.0,-0.002665202816060628,0.6639680327961567,0.455,71.25,value
2026-10-26,0.17822182398325093,0.010651598275944706,0.0008463088603457435,-0.009905393719745918,0.005730286989066371,-0.002682512162151397,0.0014970003303787962,0.0011915187609411078,0.004892201244925673,0.00013710185309173537,0.0,0.0,-0.002053230056830216,0.6639680327961567,0.794,102.0,high
2026-10-27,0.17484811471444484,-0.004880550571429921,0.0008872716108016903,-0.008658345367046422,0.00651554645467695,0.039108336679386416,-0.022213945482286362,0.04405909226027506,0.004764903587594745,0.00011236708343494682,0.0,0.0,-0.002147379571317288,0.6639680327961567,0.8333,102.0,high
2026-10-28,0.16860910888623404,0.009084430412189249,0.0008930802326649427,-0.00858446918572008,0.006611552034424676,0.04684429250751418,-0.019756460655316912,0.013329516298254022,0.005105300593088033,6.976182258222252e-05,0.0,0.0,-0.002170323935293709,0.6639680327961567,0.824,102.0,high
2026-10-29,0.1663191036418903,0.0139909401164914,0.0006225267956324387,-0.010307871846234776,-0.008549679424158966,-0.009498541573557305,-0.024678649451034287,-0.01436893327935104,0.004277128910413012,7.890674477675929e-05,0.0,0.0,-0.0034664567580111904,0.6639680327961567,0.7292,89.25,standard
2026-10-30,0.13146232137707922,0.010382586055660795,-0.001099530036735814,-0.00882254214905697,0.029263580783459475,-0.038869369061743785,0.02102406591454201,-0.035654130700429956,-0.020149478896491924,0.00011924775337683968,0.0,0.0,-0.0031655931167042586,0.6639680327961567,0.6808,82.95,standard
2026-10-31,0.15159306887386992,0.008799432375968535,-0.0005462431256601122,-0.008846961699207895,0.03394869862073392,0.047714808384509526,0.013359527618376887,0.0440765554644604,-0.016447048168934997,0.00011425364477327094,0.0,0.0,-0.0034499307221049096,0.6639680327961567,0.8681,94.8,high
2026-11-01,-0.0035843743689420084,-0.035882112814259015,-0.0019821289158426228,-0.010956143827461347,-0.014516449666985863,-0.05582401570383082,0.006721457443774853,-0.09500412103048439,-0.03789386252893746,-0.00014502666718908586,0.0,0.0,-0.0052032315483957065,0.6639680327961567,0.3666,63.75,promotional
2026-11-02,0.03860056982391688,0.005647574534501472,0.000717702017427655,-0.009954116854220048,-0.0054512454666437405,0.005916622197139077,0.0064432475933281245,0.04880188339829692,0.013361206367539126,-5.9652824595104896e-05,0.0,0.0,-0.004051181537259254,0.6639680327961567,0.7009,89.25,standard
2026-11-03,0.025046884908926585,-0.0023712732916828824,0.0007138856531528291,-0.009971163100897684,-0.001535139240866556,0.049513267880116466,0.007586334986586734,0.05270325434815822,0.01454471693529922,-6.175864132819697e-05,0.0,0.0,-0.004562444637027511,0.6639680327961567,0.7371,89.25,standard
2026-11-04,0.025849369769566692,0.012973367520135072,0.0006532231962482911,-0.010269179717593944,-0.012306384640996837,0.02691051607544068,-0.007321470192237029,0.04705044416392047,0.01355169619906883,-7.909034815384075e-05,0.0,0.0,-0.004827408956240106,0.6639680327961567,0.6946,89.25,standard
2026-11-05,0.006304879294737474,0.015003873421737809,0.0011232687887968496,-0.010829897738083674,-0.014367161791960825,-0.07408060575889977,-0.0034623205597818013,-0.050159161287425376,0.010734841218516521,-0.00010423311128397471,0.0,0.0,-0.005787652598344721,0.6639680327961567,0.506,80.75,value
2026-11-06,-0.010879039478584672,0.012001836888113756,-0.0014269352334085853,-0.010277494893678522,-0.009262064049165927,-0.05368380383810291,-0.003476087228955293,-0.10891712973867107,-0.042100808005830916,-0.00012234801266458817,0.0,0.0,-0.005720059954284807,0.6639680327961567,0.3932,67.15,promotional
2026-11-07,-0.06823235623113215,-0.004936756337578117,-0.0018865286508225835,-0.00915096361765609,0.01638084231967514,-0.05606990567918547,0.011055280883127124,-0.024116142270235286,-0.04243292839304195,6.964603360393084e-05,0.0,0.0,-0.005733983315250954,0.6639680327961567,0.442,67.15,promotional
2026-11-08,-0.010727483263946852,-0.03950904841697775,-0.0019645753705408425,-0.010836336924279748,-0.040227040410693,-0.06849532813666884,-0.011503633860607806,-0.10662084404903727,-0.035914074116459235,-0.0002033671437529847,0.0,0.0,-0.005154485301434761,0.6639680327961567,0.3328,63.75,promotional
2026-11-09,0.02071753970255668,0.013020176757116132,0.0009524135771789588,-0.01026414004587423,-0.002351345578477776,-0.045936490699903514,0.01185204367263941,-0.015375024058714187,0.011474873745850345,-6.132646423066036e-05,0.0,0.0,-0.005196320914983517,0.6639680327961567,0.5843,80.75,value
2026-11-10,0.03177743461755381,-0.0028334386657879805,0.0011333702226402238,-0.010084729970360059,-0.007645788821300811,0.05423537975312138,0.005614866065330715,0.05450152220784003,0.013195705298508983,7.690706581342966e-06,0.0,0.0,-0.0038505319667237925,0.6639680327961567,0.7385,89.25,standard
2026-11-11,0.029097052052937215,0.012298637143430824,0.0006576327897200827,-0.010105360777946772,-0.00950492174689498,0.044702293320558965,-0.01063915211373751,0.040749211908725554,0.013425650296721868,-7.832044729730114e-05,0.0,0.0,-0.004592866715414857,0.6639680327961567,0.7115,89.25,standard
2026-11-12,0.00696773256612505,0.015238527857316513,0.0012682479445356876,-0.010722350550036935,-0.00960179702485766,-0.07416756382425228,0.0006268997324659718,-0.10843522771936114,0.008514972799566749,-0.00010439208630123176,0.0,0.0,-0.00534454521634325,0.6639680327961567,0.4513,80.75,value
2026-11-13,-0.005276481828486794,0.01258779965852591,-0.0014705160396988504,-0.010373053477444046,0.005327947339705133,-0.035531093235891605,0.0063968261228073975,-0.05963818896518933,-0.0474764278163857,-8.610846943338402e-05,0.0,0.0,-0.006957197444222402,0.6639680327961567,0.4599,75.05,value
2026-11-14,0.010033050074849597,0.009942595666831039,-0.0012307208709826226,-0.01073250150043168,0.011641279402367217,0.005667542719180347,0.007180332493055174,0.045123862052663756,-0.04642286957207398,5.754298920510337e-05,0.0,0.0,-0.006219541289850895,0.6639680327961567,0.6136,82.95,standard
2026-11-15,-0.010835480202376856,-0.03675012176309246,-0.0019464328445028514,-0.01100976330532285,-0.021016192805520403,-0.062393678011671005,-0.0034188651056392704,-0.10181059829335573,-0.03497652092082717,-0.00014264344764524137,0.0,0.0,-0.005164525981846964,0.6639680327961567,0.3437,63.75,promotional
2026-11-16,0.01303892989061205,0.009081710554255551,0.0012506570593686776,-0.010318501914640364,-0.00986256891945959,-0.058185492339856856,0.0052705351709300885,-0.028946526814830575,0.011373440491202928,-7.012892913189717e-05,0.0,0.0,-0.005200080036753206,0.6639680327961567,0.556,80.75,value
2026-11-17,0.02789416525852357,-0.007483776716377178,0.0006314975437126122,-0.00993947602539265,-0.010619318040658982,0.020769361558312088,-0.0143022858676959,0.036851544581873896,0.01311550740067105,-3.84991645696573e-05,0.0,0.0,-0.004175281300173083,0.6639680327961567,0.6751,89.25,standard
2026-11-18,0.022982773346895555,0.01060685810886207,0.000642498538189102,-0.011280271372394055,-0.01398446792278628,-0.0036373598877180485,-0.012590386926181961,-0.0077415469770567135,0.013171049868564298,-7.031177234603092e-05,0.0,0.0,-0.005638356811323319,0.6639680327961567,0.6149,89.25,standard
2026-11-19,0.008296002366587344,0.016328515187309676,0.0012623410371597858,-0.010720206215548386,-0.0003843234856249183,-0.07278950951139995,0.0062836130054638485,-0.10921465045707737,0.008027318170417857,-0.00010439208630123176,0.0,0.0,-0.0055001435522717655,0.6639680327961567,0.4639,80.75,value
2026-11-20,-0.012511719916141374,0.008719552891368948,-0.0014998397305316757,-0.011147099501344201,0.0025987712859350726,-0.03299000943025021,0.012014312499297375,-0.03777197404242179,-0.046461158636891924,-4.002129717264304e-07,0.0,0.0,-0.006493099678104045,0.6639680327961567,0.4784,75.05,value
2026-11-21,-0.04662830505607053,0.005436462342999221,-0.0010041606023442002,-0.009979284736065892,0.021253218845380614,0.01343127448053565,0.008590002845725394,0.003513758907807641,-0.04450601803342579,8.762332139303908e-05,0.0,0.0,-0.005819686476679635,0.6639680327961567,0.5514,75.05,value
2026-11-22,-0.0027160081213969535,-0.04088007170144556,-0.002584483448008541,-0.01030770527094137,-0.028735958368593852,-0.06605875858873332,-0.010905289683832963,-0.09173045271376759,-0.03740605830070126,-0.00021172079825191757,0.0,0.0,-0.005365107943100156,0.6639680327961567,0.3332,63.75,promotional
2026-11-23,0.03285735601518536,0.007717574780457653,0.000706956892303424,-0.010891819114869576,-0.011324503551961244,0.004674050162946515,0.0018905573927695514,0.0012440159505531484,0.01407017702372832,-5.034472531406208e-05,0.0,0.0,-0.004410420283165877,0.6639680327961567,0.6512,89.25,standard
2026-11-24,0.02627161616398007,-0.0028668209863317315,0.0011355569638544696,-0.009973803318411228,-0.008321374236020347,0.05616638059733668,0.0032465324786644487,0.053163729550840796,0.013428353463357778,7.62224505888298e-06,0.0,0.0,-0.003721296242067183,0.6639680327961567,0.7325,89.25,standard
2026-11-25,0.020754866501996733,0.011781566895806464,0.0006589041632250883,-0.010559592710502328,-0.009454340824759128,-0.013647677983899485,-0.006184158179778023,0.02250573361763236,0.013674510922839545,-0.00012004078592872246,0.0,0.0,-0.005146716067290981,0.6639680327961567,0.639,89.25,standard
2026-11-26,0.01335272403354611,0.01728765398247924,0.001424097598530352,-0.010270363059324154,0.00813834194680385,-0.05491202091858577,0.00946129422722879,-0.04632228453463904,0.00810850929965818,-9.103924271767027e-05,0.0,0.0,-0.006701615977202892,0.6639680327961567,0.545,80.75,value
2026-11-27,-0.0219469222162752,0.009181231549493532,-0.0015659638373181225,-0.01072612185106118,0.003994452726743474,-0.07161418757780484,0.007314082606280862,-0.040728513706715604,-0.04778083343609615,-0.00011530671143555083,0.0,0.0,-0.007307910786941648,0.6639680327961567,0.4365,67.15,promotional
2026-11-28,-0.009338776063095794,0.011399333963479875,-0.0005107325158605818,-0.010654800211108522,-0.007708840725746994,0.028377837807303873,-0.002017323963420495,0.048005862624733706,-0.04258171074645725,-9.1224396310281e-05,0.0,0.0,-0.005907222428832028,0.6639680327961567,0.6068,82.95,standard
2026-11-29,-0.008967253716438792,-0.03676338619636954,-0.0019645753705408425,-0.01117556184517889,-0.021232253260797734,-0.06299970949537964,-0.0028130131745638214,-0.09628339710713044,-0.03696819838074589,-0.00014502666718908586,0.0,0.0,-0.005164525981846964,0.6639680327961567,0.3457,63.75,promotional
2026-11-30,0.024324171292963003,0.012737853868882664,0.0009593655277858489,-0.009768542728626926,0.004308067437836144,-0.048574786263438,0.018150010093748278,-0.009880580723231103,0.010670765757393383,-6.056100648129358e-05,0.0,0.0,-0.005393544891485362,0.6639680327961567,0.6107,89.25,standard
2026-12-01,-0.05235859250399517,-0.0005014237700197552,0.0011186329224292422,-0.010053306226982386,-0.0034227265684603483,0.015562830489565386,0.010924530741238413,0.03447838976413186,0.010690398586710215,-0.0003167156193521805,0.0,0.0,-0.005025067152710108,0.6639680327961567,0.6097,89.25,standard
2026-12-02,-0.04551834073611098,0.026884519958894088,0.0011458272813761141,-0.010431639350616024,-0.003303888405076578,0.017842090453341373,0.011193684371337439,0.03713404585277021,0.009861398838693277,-0.0003563441008445807,0.0,0.0,-0.005174031030554034,0.6639680327961567,0.6386,89.25,standard
2026-12-03,-0.0543468556997177,0.026646607886385027,0.0011453468586259986,-0.010483655106057995,-0.0032867089076025874,0.019501704051624984,0.01213903379848125,0.03659167248646554,0.008988006155792391,-0.0003563441008445807,0.0,0.0,-0.005547997199268138,0.6639680327961567,0.6473,89.25,standard
2026-12-04,-0.09962941226313343,0.020363569243534583,-0.0012016003614116926,-0.010812716414075111,-0.003249091854017024,0.018761897878430318,0.011809145208691916,0.0357606694309361,-0.05965481377080869,-0.0003564981032977812,0.0,0.0,-0.006206642834098602,0.6639680327961567,0.5126,75.05,value
2026-12-05,-0.11274047597234312,0.0009246215975072108,-0.001201046501955716,-0.01088200988349854,-0.003105851596370485,0.017524815317432513,0.01258206624790546,0.03600496348500019,-0.05444442944792536,-0.0003691621112520806,0.0,0.0,-0.006497654403101478,0.6639680327961567,0.4772,75.05,value
2026-12-06,-0.12701267934673524,-0.06307678032060357,-0.0012005280306038911,-0.010346297996191425,-0.005584422282136074,0.010737814674459514,0.013148058602080709,0.02832007504939975,-0.05931931122074457,-0.00033966823777882387,0.0,0.0,-0.005468943452819076,0.6639680327961567,0.4161,63.75,promotional
2026-12-07,-0.05950446655879569,-0.003066449460078729,0.0011186329224292422,-0.009919458694363129,-0.0020320132844062755,0.015566249592928216,0.008738421710269905,0.03603058735685772,0.010553306862158935,-0.00033473645971389486,0.0,0.0,-0.004122334761697858,0.6639680327961567,0.6047,89.25,standard
2026-12-08,-0.05235859250399517,-0.0005014237700197552,0.0011186329224292422,-0.010053306226982386,-0.0034227265684603483,0.015562830489565386,0.010924530741238413,0.03447838976413186,0.010690398586710215,-0.0003167156193521805,0.0,0.0,-0.005025067152710108,0.6639680327961567,0.602,89.25,standard
2026-12-09,-0.04551834073611098,0.026884519958894088,0.0011458272813761141,-0.010431639350616024,-0.003303888405076578,0.017842090453341373,0.011193684371337439,0.03713404585277021,0.009861398838693277,-0.0003563441008445807,0.0,0.0,-0.005174031030554034,0.6639680327961567,0.6356,89.25,standard
2026-12-10,-0.0543468556997177,0.026646607886385027,0.0011453468586259986,-0.010483655106057995,-0.0032867089076025874,0.019501704051624984,0.01213903379848125,0.03659167248646554,0.008988006155792391,-0.0003563441008445807,0.0,0.0,-0.005547997199268138,0.6639680327961567,0.6257,89.25,standard
2026-12-11,-0.09962941226313343,0.020363569243534583,-0.0012016003614116926,-0.010812716414075111,-0.003249091854017024,0.018761897878430318,0.011809145208691916,0.0357606694309361,-0.05965481377080869,-0.0003564981032977812,0.0,0.0,-0.006206642834098602,0.6639680327961567,0.5096,75.05,value
2026-12-12,-0.11274047597234312,0.0009246215975072108,-0.001201046501955716,-0.01088200988349854,-0.003105851596370485,0.017524815317432513,0.01258206624790546,0.03600496348500019,-0.05444442944792536,-0.0003691621112520806,0.0,0.0,-0.006497654403101478,0.6639680327961567,0.5002,75.05,value
2026-12-13,-0.12701267934673524,-0.06307678032060357,-0.0012005280306038911,-0.010346297996191425,-0.005584422282136074,0.010737814674459514,0.013148058602080709,0.02832007504939975,-0.05931931122074457,-0.00033966823777882387,0.0,0.0,-0.005468943452819076,0.6639680327961567,0.4115,63.75,promotional
2026-12-14,-0.05950446655879569,-0.003066449460078729,0.0011186329224292422,-0.009919458694363129,-0.0020320132844062755,0.015566249592928216,0.008738421710269905,0.03603058735685772,0.010553306862158935,-0.00033473645971389486,0.0,0.0,-0.004122334761697858,0.6639680327961567,0.6001,89.25,standard
2026-12-15,-0.05235859250399517,-0.0005014237700197552,0.0011186329224292422,-0.010053306226982386,-0.0034227265684603483,0.015562830489565386,0.010924530741238413,0.03447838976413186,0.010690398586710215,-0.0003167156193521805,0.0,0.0,-0.005025067152710108,0.6639680327961567,0.622,89.25,standard
2026-12-16,-0.04551834073611098,0.026884519958894088,0.0011458272813761141,-0.010431639350616024,-0.003303888405076578,0.017842090453341373,0.011193684371337439,0.03713404585277021,0.009861398838693277,-0.0003563441008445807,0.0,0.0,-0.005174031030554034,0.6639680327961567,0.6556,89.25,standard
2026-12-17,-0.0543468556997177,0.026646607886385027,0.0011453468586259986,-0.010483655106057995,-0.0032867089076025874,0.019501704051624984,0.01213903379848125,0.03659167248646554,0.008988006155792391,-0.0003563441008445807,0.0,0.0,-0.005547997199268138,0.6639680327961567,0.6503,89.25,standard
2026-12-18,-0.09962941226313343,0.020363569243534583,-0.0012016003614116926,-0.010812716414075111,-0.003249091854017024,0.018761897878430318,0.011809145208691916,0.0357606694309361,-0.05965481377080869,-0.0003564981032977812,0.0,0.0,-0.006206642834098602,0.6639680327961567,0.5265,75.05,value
2026-12-19,-0.11274047597234312,0.0009246215975072108,-0.001201046501955716,-0.01088200988349854,-0.003105851596370485,0.017524815317432513,0.01258206624790546,0.03600496348500019,-0.05444442944792536,-0.0003691621112520806,0.0,0.0,-0.006497654403101478,0.6639680327961567,0.5079,75.05,value
2026-12-20,-0.12701267934673524,-0.06307678032060357,-0.0012005280306038911,-0.010346297996191425,-0.005584422282136074,0.010737814674459514,0.013148058602080709,0.02832007504939975,-0.05931931122074457,-0.00033966823777882387,0.0,0.0,-0.005468943452819076,0.6639680327961567,0.4438,63.75,promotional
2026-12-21,-0.05950446655879569,-0.003066449460078729,0.0011186329224292422,-0.009919458694363129,-0.0020320132844062755,0.015566249592928216,0.008738421710269905,0.03603058735685772,0.010553306862158935,-0.00033473645971389486,0.0,0.0,-0.004122334761697858,0.6639680327961567,0.657,89.25,standard
2026-12-22,-0.05235859250399517,-0.0005014237700197552,0.0011186329224292422,-0.010053306226982386,-0.0034227265684603483,0.015562830489565386,0.010924530741238413,0.03447838976413186,0.010690398586710215,-0.0003167156193521805,0.0,0.0,-0.005025067152710108,0.6639680327961567,0.6651,89.25,standard
2026-12-23,-0.04551834073611098,0.026884519958894088,0.0011458272813761141,-0.010431639350616024,-0.003303888405076578,0.017842090453341373,0.011193684371337439,0.03713404585277021,0.009861398838693277,-0.0003563441008445807,0.0,0.0,-0.005174031030554034,0.6639680327961567,0.6556,89.25,standard
2026-12-24,-0.0543468556997177,0.026646607886385027,0.0011453468586259986,-0.010483655106057995,-0.0032867089076025874,0.019501704051624984,0.01213903379848125,0.03659167248646554,0.008988006155792391,-0.0003563441008445807,0.0,0.0,-0.005547997199268138,0.6639680327961567,0.6257,89.25,standard
2026-12-25,-0.0742203298254135,0.020668636938615235,-0.0013098271661729087,-0.010371681136835832,-0.0035365376345071124,0.019105956492887346,0.012642073928258469,0.03560533191273862,-0.0589477049606794,0.004174000619910657,0.0,0.0,-0.00628677666545991,0.6639680327961567,0.54,75.05,value
2026-12-26,-0.11274047597234312,0.0009246215975072108,-0.001201046501955716,-0.01088200988349854,-0.003105851596370485,0.017524815317432513,0.01258206624790546,0.03600496348500019,-0.05444442944792536,-0.0003691621112520806,0.0,0.0,-0.006497654403101478,0.6639680327961567,0.5172,75.05,value
2026-12-27,-0.12701267934673524,-0.06307678032060357,-0.0012005280306038911,-0.010346297996191425,-0.005584422282136074,0.010737814674459514,0.013148058602080709,0.02832007504939975,-0.05931931122074457,-0.00033966823777882387,0.0,0.0,-0.005468943452819076,0.6639680327961567,0.4438,63.75,promotional
2026-12-28,-0.033619951268952716,-0.003780700152259669,0.0011828352642041864,-0.009652222007294767,-0.002202634490477067,0.015887138180143666,0.009593304407655523,0.035875249838660236,0.010427174741940689,0.0026909019675076702,0.0,0.0,-0.004202468593059166,0.6639680327961567,0.6862,89.25,standard
2026-12-29,-0.05235859250399517,-0.0005014237700197552,0.0011186329224292422,-0.010053306226982386,-0.0034227265684603483,0.015562830489565386,0.010924530741238413,0.03447838976413186,0.010690398586710215,-0.0003167156193521805,0.0,0.0,-0.005025067152710108,0.6639680327961567,0.6651,89.25,standard
2026-12-30,-0.04551834073611098,0.026884519958894088,0.0011458272813761141,-0.010431639350616024,-0.003303888405076578,0.017842090453341373,0.011193684371337439,0.03713404585277021,0.009861398838693277,-0.0003563441008445807,0.0,0.0,-0.005174031030554034,0.6639680327961567,0.674,89.25,standard
2026-12-31,-0.0543468556997177,0.026646607886385027,0.0011453468586259986,-0.010483655106057995,-0.0032867089076025874,0.019501704051624984,0.01213903379848125,0.03659167248646554,0.008988006155792391,-0.0003563441008445807,0.0,0.0,-0.005547997199268138,0.6639680327961567,0.6288,89.25,standard
